RefMol,EF1%,BEDROC,Target,n_neighbors,metric
ligand_CHEMBL104714,30.334841628959275,0.5815010178504079,ADA,10,euclidean
ligand_CHEMBL127469,16.684162895927603,0.4546196197601977,ADA,10,euclidean
ligand_CHEMBL128787,19.71764705882353,0.3803663989207281,ADA,10,euclidean
ligand_CHEMBL17351,13.650678733031674,0.3072336578200526,ADA,10,euclidean
ligand_CHEMBL18838,22.75113122171945,0.4897474847853022,ADA,10,euclidean
ligand_CHEMBL190280,13.650678733031674,0.3470201053614764,ADA,10,euclidean
ligand_CHEMBL290030,10.617194570135746,0.2864777218071611,ADA,10,euclidean
ligand_CHEMBL295003,22.75113122171945,0.3856359348456841,ADA,10,euclidean
ligand_CHEMBL295417,25.784615384615385,0.4059934702834777,ADA,10,euclidean
ligand_CHEMBL328139,10.617194570135746,0.3025980164457817,ADA,10,euclidean
ligand_CHEMBL35316,10.617194570135746,0.4075191570351913,ADA,10,euclidean
ligand_CHEMBL36986,13.650678733031674,0.3890788884134895,ADA,10,euclidean
ligand_CHEMBL37183,25.784615384615385,0.6341066100274982,ADA,10,euclidean
ligand_CHEMBL38218,21.23438914027149,0.4579212780959035,ADA,10,euclidean
ligand_CHEMBL38306,15.167420814479636,0.4423117090941352,ADA,10,euclidean
ligand_CHEMBL405920,21.23438914027149,0.472252013314999,ADA,10,euclidean
ligand_CHEMBL418074,30.334841628959275,0.4678017458534584,ADA,10,euclidean
ligand_CHEMBL436332,13.650678733031674,0.3158530089777914,ADA,10,euclidean
ligand_CHEMBL604966,12.133936651583712,0.3425097808508887,ADA,10,euclidean
ligand_CHEMBL81378,30.334841628959275,0.5335895812915552,ADA,10,euclidean
ligand_CHEMBL104714,19.71764705882353,0.394106859799592,ADA,10,cosine
ligand_CHEMBL127469,13.650678733031674,0.375441647183004,ADA,10,cosine
ligand_CHEMBL128787,7.583710407239819,0.1445229082876774,ADA,10,cosine
ligand_CHEMBL17351,4.550226244343891,0.1829066923194953,ADA,10,cosine
ligand_CHEMBL18838,13.650678733031674,0.3492566392451616,ADA,10,cosine
ligand_CHEMBL190280,12.133936651583712,0.3099181987742153,ADA,10,cosine
ligand_CHEMBL290030,9.100452488687782,0.2217721467031673,ADA,10,cosine
ligand_CHEMBL295003,12.133936651583712,0.2991182514778089,ADA,10,cosine
ligand_CHEMBL295417,16.684162895927603,0.3335761096778111,ADA,10,cosine
ligand_CHEMBL328139,4.550226244343891,0.2341708200406021,ADA,10,cosine
ligand_CHEMBL35316,10.617194570135746,0.3011858097632274,ADA,10,cosine
ligand_CHEMBL36986,9.100452488687782,0.2350233345749793,ADA,10,cosine
ligand_CHEMBL37183,13.650678733031674,0.3013162257587756,ADA,10,cosine
ligand_CHEMBL38218,21.23438914027149,0.4345564914500577,ADA,10,cosine
ligand_CHEMBL38306,4.550226244343891,0.2462316962891739,ADA,10,cosine
ligand_CHEMBL405920,1.516742081447964,0.0386350568017333,ADA,10,cosine
ligand_CHEMBL418074,10.617194570135746,0.3429797543027468,ADA,10,cosine
ligand_CHEMBL436332,3.033484162895928,0.102413128370767,ADA,10,cosine
ligand_CHEMBL604966,12.133936651583712,0.3142012884229869,ADA,10,cosine
ligand_CHEMBL81378,15.167420814479636,0.3576686291297929,ADA,10,cosine
ligand_CHEMBL104714,30.334841628959275,0.580233353754367,ADA,50,euclidean
ligand_CHEMBL127469,18.200904977375565,0.4255046890701526,ADA,50,euclidean
ligand_CHEMBL128787,9.100452488687782,0.2868309492318224,ADA,50,euclidean
ligand_CHEMBL17351,10.617194570135746,0.2333308350311737,ADA,50,euclidean
ligand_CHEMBL18838,22.75113122171945,0.4862927529293804,ADA,50,euclidean
ligand_CHEMBL190280,25.784615384615385,0.4743117251169529,ADA,50,euclidean
ligand_CHEMBL290030,7.583710407239819,0.1899533675395749,ADA,50,euclidean
ligand_CHEMBL295003,19.71764705882353,0.3278359401888869,ADA,50,euclidean
ligand_CHEMBL295417,24.267873303167423,0.3973187304952436,ADA,50,euclidean
ligand_CHEMBL328139,7.583710407239819,0.2753617986168835,ADA,50,euclidean
ligand_CHEMBL35316,6.066968325791856,0.2972512524809894,ADA,50,euclidean
ligand_CHEMBL36986,7.583710407239819,0.2280308621779723,ADA,50,euclidean
ligand_CHEMBL37183,10.617194570135746,0.2999770366625323,ADA,50,euclidean
ligand_CHEMBL38218,21.23438914027149,0.4335795097264757,ADA,50,euclidean
ligand_CHEMBL38306,15.167420814479636,0.3845707910610499,ADA,50,euclidean
ligand_CHEMBL405920,9.100452488687782,0.3723987493717705,ADA,50,euclidean
ligand_CHEMBL418074,25.784615384615385,0.4598611229969028,ADA,50,euclidean
ligand_CHEMBL436332,12.133936651583712,0.2924169285637112,ADA,50,euclidean
ligand_CHEMBL604966,12.133936651583712,0.2710989576527917,ADA,50,euclidean
ligand_CHEMBL81378,33.368325791855206,0.4924460972508936,ADA,50,euclidean
ligand_CHEMBL104714,22.75113122171945,0.4350454883931201,ADA,50,cosine
ligand_CHEMBL127469,4.550226244343891,0.1910313093339985,ADA,50,cosine
ligand_CHEMBL128787,3.033484162895928,0.1476676908771792,ADA,50,cosine
ligand_CHEMBL17351,4.550226244343891,0.1588042863391301,ADA,50,cosine
ligand_CHEMBL18838,15.167420814479636,0.3250713630122313,ADA,50,cosine
ligand_CHEMBL190280,10.617194570135746,0.1811085086022121,ADA,50,cosine
ligand_CHEMBL290030,7.583710407239819,0.1411267460032251,ADA,50,cosine
ligand_CHEMBL295003,16.684162895927603,0.271961680476178,ADA,50,cosine
ligand_CHEMBL295417,15.167420814479636,0.3023820982911953,ADA,50,cosine
ligand_CHEMBL328139,4.550226244343891,0.1733888449999712,ADA,50,cosine
ligand_CHEMBL35316,4.550226244343891,0.2856498802084179,ADA,50,cosine
ligand_CHEMBL36986,3.033484162895928,0.0871860969139814,ADA,50,cosine
ligand_CHEMBL37183,3.033484162895928,0.2027769359004912,ADA,50,cosine
ligand_CHEMBL38218,9.100452488687782,0.2061590631256557,ADA,50,cosine
ligand_CHEMBL38306,1.516742081447964,0.1239687542938402,ADA,50,cosine
ligand_CHEMBL405920,1.516742081447964,0.0477988694432144,ADA,50,cosine
ligand_CHEMBL418074,13.650678733031674,0.2915614799845391,ADA,50,cosine
ligand_CHEMBL436332,7.583710407239819,0.1628020639372333,ADA,50,cosine
ligand_CHEMBL604966,7.583710407239819,0.3076668049195763,ADA,50,cosine
ligand_CHEMBL81378,18.200904977375565,0.3687171585431276,ADA,50,cosine
ligand_CHEMBL104714,27.301357466063347,0.5280583166502922,ADA,100,euclidean
ligand_CHEMBL127469,16.684162895927603,0.5051007439329653,ADA,100,euclidean
ligand_CHEMBL128787,9.100452488687782,0.3009194226314073,ADA,100,euclidean
ligand_CHEMBL17351,6.066968325791856,0.2295486067099887,ADA,100,euclidean
ligand_CHEMBL18838,22.75113122171945,0.4619197514988802,ADA,100,euclidean
ligand_CHEMBL190280,24.267873303167423,0.5193966163213435,ADA,100,euclidean
ligand_CHEMBL290030,6.066968325791856,0.1600828931950914,ADA,100,euclidean
ligand_CHEMBL295003,16.684162895927603,0.3606147296428335,ADA,100,euclidean
ligand_CHEMBL295417,24.267873303167423,0.4378953274238581,ADA,100,euclidean
ligand_CHEMBL328139,9.100452488687782,0.3025449045902988,ADA,100,euclidean
ligand_CHEMBL35316,10.617194570135746,0.3079578787682701,ADA,100,euclidean
ligand_CHEMBL36986,6.066968325791856,0.1796653190598112,ADA,100,euclidean
ligand_CHEMBL37183,7.583710407239819,0.2703860139387404,ADA,100,euclidean
ligand_CHEMBL38218,15.167420814479636,0.3319911525536622,ADA,100,euclidean
ligand_CHEMBL38306,9.100452488687782,0.3410150397262815,ADA,100,euclidean
ligand_CHEMBL405920,10.617194570135746,0.3528915844698974,ADA,100,euclidean
ligand_CHEMBL418074,25.784615384615385,0.4805724792591845,ADA,100,euclidean
ligand_CHEMBL436332,10.617194570135746,0.3122459653572537,ADA,100,euclidean
ligand_CHEMBL604966,9.100452488687782,0.2854009563995417,ADA,100,euclidean
ligand_CHEMBL81378,36.40180995475113,0.5104568583307092,ADA,100,euclidean
ligand_CHEMBL104714,18.200904977375565,0.3831788388296366,ADA,100,cosine
ligand_CHEMBL127469,6.066968325791856,0.1821826685244021,ADA,100,cosine
ligand_CHEMBL128787,6.066968325791856,0.1313808661152308,ADA,100,cosine
ligand_CHEMBL17351,4.550226244343891,0.1627267629605477,ADA,100,cosine
ligand_CHEMBL18838,15.167420814479636,0.2911428158927812,ADA,100,cosine
ligand_CHEMBL190280,12.133936651583712,0.2172551101219337,ADA,100,cosine
ligand_CHEMBL290030,6.066968325791856,0.110079268048113,ADA,100,cosine
ligand_CHEMBL295003,12.133936651583712,0.1932978718664654,ADA,100,cosine
ligand_CHEMBL295417,13.650678733031674,0.2740618879472788,ADA,100,cosine
ligand_CHEMBL328139,4.550226244343891,0.181441060446526,ADA,100,cosine
ligand_CHEMBL35316,4.550226244343891,0.3015654130882185,ADA,100,cosine
ligand_CHEMBL36986,1.516742081447964,0.0638304795467049,ADA,100,cosine
ligand_CHEMBL37183,3.033484162895928,0.1771899529666252,ADA,100,cosine
ligand_CHEMBL38218,3.033484162895928,0.1736286229105821,ADA,100,cosine
ligand_CHEMBL38306,0.0,0.0722627789507073,ADA,100,cosine
ligand_CHEMBL405920,3.033484162895928,0.0671187915862264,ADA,100,cosine
ligand_CHEMBL418074,16.684162895927603,0.2622994020200511,ADA,100,cosine
ligand_CHEMBL436332,1.516742081447964,0.085032206340029,ADA,100,cosine
ligand_CHEMBL604966,9.100452488687782,0.2592994353818741,ADA,100,cosine
ligand_CHEMBL81378,15.167420814479636,0.2823485548232981,ADA,100,cosine
ligand_CHEMBL101740,3.120833333333333,0.1069731299598703,ADRB2,10,euclidean
ligand_CHEMBL1077273,4.68125,0.1651372467336628,ADRB2,10,euclidean
ligand_CHEMBL1083668,1.5604166666666666,0.1521658472013183,ADRB2,10,euclidean
ligand_CHEMBL1083669,1.5604166666666666,0.1540989929728422,ADRB2,10,euclidean
ligand_CHEMBL1221541,7.802083333333333,0.1726546262034565,ADRB2,10,euclidean
ligand_CHEMBL140908,6.241666666666666,0.1412788268607363,ADRB2,10,euclidean
ligand_CHEMBL143463,1.5604166666666666,0.0678184638034887,ADRB2,10,euclidean
ligand_CHEMBL229401,4.68125,0.1080521605800155,ADRB2,10,euclidean
ligand_CHEMBL236514,0.0,0.0410580802752798,ADRB2,10,euclidean
ligand_CHEMBL27,3.120833333333333,0.165929337028753,ADRB2,10,euclidean
ligand_CHEMBL29141,7.802083333333333,0.1720792756347313,ADRB2,10,euclidean
ligand_CHEMBL320761,4.68125,0.113879790483737,ADRB2,10,euclidean
ligand_CHEMBL368457,3.120833333333333,0.1417570861316507,ADRB2,10,euclidean
ligand_CHEMBL39915,4.68125,0.1147045998702439,ADRB2,10,euclidean
ligand_CHEMBL417325,1.5604166666666666,0.0740446455796411,ADRB2,10,euclidean
ligand_CHEMBL513104,1.5604166666666666,0.1275084282136802,ADRB2,10,euclidean
ligand_CHEMBL513389,3.120833333333333,0.0766442068761483,ADRB2,10,euclidean
ligand_CHEMBL57185,0.0,0.1108714234759536,ADRB2,10,euclidean
ligand_CHEMBL72,1.5604166666666666,0.1015065527214516,ADRB2,10,euclidean
ligand_CHEMBL98773,1.5604166666666666,0.1795357205372493,ADRB2,10,euclidean
ligand_CHEMBL101740,7.802083333333333,0.150840688273809,ADRB2,10,cosine
ligand_CHEMBL1077273,1.5604166666666666,0.0984011430965801,ADRB2,10,cosine
ligand_CHEMBL1083668,3.120833333333333,0.1577685484998495,ADRB2,10,cosine
ligand_CHEMBL1083669,1.5604166666666666,0.0797309125854136,ADRB2,10,cosine
ligand_CHEMBL1221541,4.68125,0.1014146257857645,ADRB2,10,cosine
ligand_CHEMBL140908,6.241666666666666,0.178377129040378,ADRB2,10,cosine
ligand_CHEMBL143463,0.0,0.0543442651630374,ADRB2,10,cosine
ligand_CHEMBL229401,7.802083333333333,0.1667157932917754,ADRB2,10,cosine
ligand_CHEMBL236514,0.0,0.0248492530327577,ADRB2,10,cosine
ligand_CHEMBL27,3.120833333333333,0.1212266774832662,ADRB2,10,cosine
ligand_CHEMBL29141,10.922916666666667,0.2260927536922384,ADRB2,10,cosine
ligand_CHEMBL320761,6.241666666666666,0.1246363517111106,ADRB2,10,cosine
ligand_CHEMBL368457,4.68125,0.1332409993908803,ADRB2,10,cosine
ligand_CHEMBL39915,4.68125,0.110353733901365,ADRB2,10,cosine
ligand_CHEMBL417325,0.0,0.0503690945081527,ADRB2,10,cosine
ligand_CHEMBL513104,4.68125,0.1693622733007623,ADRB2,10,cosine
ligand_CHEMBL513389,0.0,0.0315858480276058,ADRB2,10,cosine
ligand_CHEMBL57185,1.5604166666666666,0.0982629752820642,ADRB2,10,cosine
ligand_CHEMBL72,0.0,0.1002009894174555,ADRB2,10,cosine
ligand_CHEMBL98773,0.0,0.1177718559215906,ADRB2,10,cosine
ligand_CHEMBL101740,3.120833333333333,0.0897156909421097,ADRB2,50,euclidean
ligand_CHEMBL1077273,1.5604166666666666,0.1457150819050597,ADRB2,50,euclidean
ligand_CHEMBL1083668,4.68125,0.1440595108445621,ADRB2,50,euclidean
ligand_CHEMBL1083669,0.0,0.1217285015052382,ADRB2,50,euclidean
ligand_CHEMBL1221541,9.3625,0.1995498042509114,ADRB2,50,euclidean
ligand_CHEMBL140908,4.68125,0.1540927104313192,ADRB2,50,euclidean
ligand_CHEMBL143463,1.5604166666666666,0.0480015060909913,ADRB2,50,euclidean
ligand_CHEMBL229401,4.68125,0.1355478125798014,ADRB2,50,euclidean
ligand_CHEMBL236514,3.120833333333333,0.09807572415847,ADRB2,50,euclidean
ligand_CHEMBL27,7.802083333333333,0.1839156573466961,ADRB2,50,euclidean
ligand_CHEMBL29141,10.922916666666667,0.1956011432439025,ADRB2,50,euclidean
ligand_CHEMBL320761,3.120833333333333,0.1324799437315245,ADRB2,50,euclidean
ligand_CHEMBL368457,3.120833333333333,0.1321949835202704,ADRB2,50,euclidean
ligand_CHEMBL39915,6.241666666666666,0.1645740899110307,ADRB2,50,euclidean
ligand_CHEMBL417325,0.0,0.0654432686107101,ADRB2,50,euclidean
ligand_CHEMBL513104,1.5604166666666666,0.0967326793209413,ADRB2,50,euclidean
ligand_CHEMBL513389,1.5604166666666666,0.0758581755897171,ADRB2,50,euclidean
ligand_CHEMBL57185,0.0,0.0949401897411573,ADRB2,50,euclidean
ligand_CHEMBL72,4.68125,0.0864853601107637,ADRB2,50,euclidean
ligand_CHEMBL98773,3.120833333333333,0.1373469987402145,ADRB2,50,euclidean
ligand_CHEMBL101740,3.120833333333333,0.125083010989311,ADRB2,50,cosine
ligand_CHEMBL1077273,3.120833333333333,0.10018318429672,ADRB2,50,cosine
ligand_CHEMBL1083668,1.5604166666666666,0.1237461445918403,ADRB2,50,cosine
ligand_CHEMBL1083669,3.120833333333333,0.0864446654276698,ADRB2,50,cosine
ligand_CHEMBL1221541,3.120833333333333,0.1215385039278159,ADRB2,50,cosine
ligand_CHEMBL140908,9.3625,0.2115919850266591,ADRB2,50,cosine
ligand_CHEMBL143463,0.0,0.0656131996685327,ADRB2,50,cosine
ligand_CHEMBL229401,4.68125,0.1347639087210448,ADRB2,50,cosine
ligand_CHEMBL236514,1.5604166666666666,0.067454358074363,ADRB2,50,cosine
ligand_CHEMBL27,6.241666666666666,0.1538626030889893,ADRB2,50,cosine
ligand_CHEMBL29141,10.922916666666667,0.2637657050409611,ADRB2,50,cosine
ligand_CHEMBL320761,1.5604166666666666,0.1424009416473197,ADRB2,50,cosine
ligand_CHEMBL368457,4.68125,0.174345829114682,ADRB2,50,cosine
ligand_CHEMBL39915,12.483333333333333,0.2237182016043935,ADRB2,50,cosine
ligand_CHEMBL417325,0.0,0.0700436196735191,ADRB2,50,cosine
ligand_CHEMBL513104,4.68125,0.1730809591877357,ADRB2,50,cosine
ligand_CHEMBL513389,0.0,0.0433871315127384,ADRB2,50,cosine
ligand_CHEMBL57185,0.0,0.0695345865818747,ADRB2,50,cosine
ligand_CHEMBL72,1.5604166666666666,0.090757749438109,ADRB2,50,cosine
ligand_CHEMBL98773,0.0,0.1001828123618167,ADRB2,50,cosine
ligand_CHEMBL101740,3.120833333333333,0.1157543002157965,ADRB2,100,euclidean
ligand_CHEMBL1077273,1.5604166666666666,0.1491850304064684,ADRB2,100,euclidean
ligand_CHEMBL1083668,4.68125,0.122371820063688,ADRB2,100,euclidean
ligand_CHEMBL1083669,3.120833333333333,0.1262383226377992,ADRB2,100,euclidean
ligand_CHEMBL1221541,7.802083333333333,0.2076333695804352,ADRB2,100,euclidean
ligand_CHEMBL140908,9.3625,0.2030849261271383,ADRB2,100,euclidean
ligand_CHEMBL143463,1.5604166666666666,0.0664734382206879,ADRB2,100,euclidean
ligand_CHEMBL229401,3.120833333333333,0.1222621043475133,ADRB2,100,euclidean
ligand_CHEMBL236514,0.0,0.0461139906417877,ADRB2,100,euclidean
ligand_CHEMBL27,7.802083333333333,0.1992442619492148,ADRB2,100,euclidean
ligand_CHEMBL29141,12.483333333333333,0.2187665447838948,ADRB2,100,euclidean
ligand_CHEMBL320761,4.68125,0.1175544601683424,ADRB2,100,euclidean
ligand_CHEMBL368457,6.241666666666666,0.1568694008180094,ADRB2,100,euclidean
ligand_CHEMBL39915,9.3625,0.2017404524248879,ADRB2,100,euclidean
ligand_CHEMBL417325,1.5604166666666666,0.0622261060404027,ADRB2,100,euclidean
ligand_CHEMBL513104,1.5604166666666666,0.1262700725366658,ADRB2,100,euclidean
ligand_CHEMBL513389,0.0,0.0682722543388072,ADRB2,100,euclidean
ligand_CHEMBL57185,0.0,0.104205802408614,ADRB2,100,euclidean
ligand_CHEMBL72,3.120833333333333,0.1106318734480962,ADRB2,100,euclidean
ligand_CHEMBL98773,1.5604166666666666,0.0966966330308208,ADRB2,100,euclidean
ligand_CHEMBL101740,1.5604166666666666,0.1040864712243287,ADRB2,100,cosine
ligand_CHEMBL1077273,4.68125,0.1220153095753261,ADRB2,100,cosine
ligand_CHEMBL1083668,0.0,0.1663273799676242,ADRB2,100,cosine
ligand_CHEMBL1083669,1.5604166666666666,0.0882648004544211,ADRB2,100,cosine
ligand_CHEMBL1221541,3.120833333333333,0.1546594669184653,ADRB2,100,cosine
ligand_CHEMBL140908,10.922916666666667,0.2628688639633279,ADRB2,100,cosine
ligand_CHEMBL143463,3.120833333333333,0.0843994392530655,ADRB2,100,cosine
ligand_CHEMBL229401,1.5604166666666666,0.1273501980639093,ADRB2,100,cosine
ligand_CHEMBL236514,0.0,0.0731511867152366,ADRB2,100,cosine
ligand_CHEMBL27,7.802083333333333,0.1779619264286725,ADRB2,100,cosine
ligand_CHEMBL29141,6.241666666666666,0.2256126925047394,ADRB2,100,cosine
ligand_CHEMBL320761,3.120833333333333,0.165564241629342,ADRB2,100,cosine
ligand_CHEMBL368457,4.68125,0.1933543789357683,ADRB2,100,cosine
ligand_CHEMBL39915,14.04375,0.2656399089843737,ADRB2,100,cosine
ligand_CHEMBL417325,0.0,0.0656722963586876,ADRB2,100,cosine
ligand_CHEMBL513104,1.5604166666666666,0.119395468696251,ADRB2,100,cosine
ligand_CHEMBL513389,0.0,0.0558618794216573,ADRB2,100,cosine
ligand_CHEMBL57185,1.5604166666666666,0.1081796150397932,ADRB2,100,cosine
ligand_CHEMBL72,0.0,0.0981435928023439,ADRB2,100,cosine
ligand_CHEMBL98773,0.0,0.0780136307321778,ADRB2,100,cosine
ligand_CHEMBL1088912,15.767441860465116,0.3066601321289153,CXCR4,10,euclidean
ligand_CHEMBL1088913,22.524916943521596,0.3931032373011198,CXCR4,10,euclidean
ligand_CHEMBL1089845,18.019933554817275,0.3273141200153383,CXCR4,10,euclidean
ligand_CHEMBL1089846,13.514950166112955,0.3517770665320452,CXCR4,10,euclidean
ligand_CHEMBL1092301,11.262458471760796,0.2378044776167984,CXCR4,10,euclidean
ligand_CHEMBL1092324,13.514950166112955,0.3269714675010162,CXCR4,10,euclidean
ligand_CHEMBL1092596,18.019933554817275,0.3535853989901275,CXCR4,10,euclidean
ligand_CHEMBL1092628,6.757475083056478,0.2491709410652193,CXCR4,10,euclidean
ligand_CHEMBL1093008,20.272425249169437,0.37536338088559,CXCR4,10,euclidean
ligand_CHEMBL1094864,9.009966777408636,0.3571790433682149,CXCR4,10,euclidean
ligand_CHEMBL1096504,13.514950166112955,0.2650771166790622,CXCR4,10,euclidean
ligand_CHEMBL452864,20.272425249169437,0.2734865231460746,CXCR4,10,euclidean
ligand_CHEMBL452868,20.272425249169437,0.2738254036896949,CXCR4,10,euclidean
ligand_CHEMBL454689,18.019933554817275,0.2764523818316244,CXCR4,10,euclidean
ligand_CHEMBL460298,20.272425249169437,0.2543392651567885,CXCR4,10,euclidean
ligand_CHEMBL461358,18.019933554817275,0.2413930683493363,CXCR4,10,euclidean
ligand_CHEMBL508054,20.272425249169437,0.2568766901336866,CXCR4,10,euclidean
ligand_CHEMBL541728,20.272425249169437,0.2585558094010144,CXCR4,10,euclidean
ligand_CHEMBL577268,13.514950166112955,0.351550206115982,CXCR4,10,euclidean
ligand_CHEMBL853,0.0,0.024317368985402,CXCR4,10,euclidean
ligand_CHEMBL1088912,20.272425249169437,0.4032497478827575,CXCR4,10,cosine
ligand_CHEMBL1088913,13.514950166112955,0.3288677289955425,CXCR4,10,cosine
ligand_CHEMBL1089845,6.757475083056478,0.2507392740978859,CXCR4,10,cosine
ligand_CHEMBL1089846,6.757475083056478,0.2542978148474235,CXCR4,10,cosine
ligand_CHEMBL1092301,15.767441860465116,0.2694970046690517,CXCR4,10,cosine
ligand_CHEMBL1092324,2.25249169435216,0.1565083893928536,CXCR4,10,cosine
ligand_CHEMBL1092596,22.524916943521596,0.4450854802198741,CXCR4,10,cosine
ligand_CHEMBL1092628,2.25249169435216,0.2116731419901791,CXCR4,10,cosine
ligand_CHEMBL1093008,13.514950166112955,0.3696394587797617,CXCR4,10,cosine
ligand_CHEMBL1094864,13.514950166112955,0.2673586336970797,CXCR4,10,cosine
ligand_CHEMBL1096504,11.262458471760796,0.2791400862959804,CXCR4,10,cosine
ligand_CHEMBL452864,20.272425249169437,0.2845011026650433,CXCR4,10,cosine
ligand_CHEMBL452868,18.019933554817275,0.2786982230622225,CXCR4,10,cosine
ligand_CHEMBL454689,15.767441860465116,0.248634162581256,CXCR4,10,cosine
ligand_CHEMBL460298,20.272425249169437,0.2814544209562195,CXCR4,10,cosine
ligand_CHEMBL461358,13.514950166112955,0.244602872834077,CXCR4,10,cosine
ligand_CHEMBL508054,20.272425249169437,0.2882517548532191,CXCR4,10,cosine
ligand_CHEMBL541728,22.524916943521596,0.290513722698224,CXCR4,10,cosine
ligand_CHEMBL577268,18.019933554817275,0.3831829107762182,CXCR4,10,cosine
ligand_CHEMBL853,0.0,0.0019700550680239,CXCR4,10,cosine
ligand_CHEMBL1088912,22.524916943521596,0.3528354086741544,CXCR4,50,euclidean
ligand_CHEMBL1088913,27.02990033222591,0.4116961338601004,CXCR4,50,euclidean
ligand_CHEMBL1089845,18.019933554817275,0.3622212535444432,CXCR4,50,euclidean
ligand_CHEMBL1089846,15.767441860465116,0.3745854877130196,CXCR4,50,euclidean
ligand_CHEMBL1092301,13.514950166112955,0.2447446606932342,CXCR4,50,euclidean
ligand_CHEMBL1092324,18.019933554817275,0.3691567982502667,CXCR4,50,euclidean
ligand_CHEMBL1092596,22.524916943521596,0.4580488590160529,CXCR4,50,euclidean
ligand_CHEMBL1092628,13.514950166112955,0.3291082183689039,CXCR4,50,euclidean
ligand_CHEMBL1093008,22.524916943521596,0.4126546488927898,CXCR4,50,euclidean
ligand_CHEMBL1094864,13.514950166112955,0.3619360261776596,CXCR4,50,euclidean
ligand_CHEMBL1096504,15.767441860465116,0.3133728107773616,CXCR4,50,euclidean
ligand_CHEMBL452864,20.272425249169437,0.2935737116635533,CXCR4,50,euclidean
ligand_CHEMBL452868,20.272425249169437,0.2932309413088629,CXCR4,50,euclidean
ligand_CHEMBL454689,18.019933554817275,0.2758849149813628,CXCR4,50,euclidean
ligand_CHEMBL460298,20.272425249169437,0.2588958242076399,CXCR4,50,euclidean
ligand_CHEMBL461358,18.019933554817275,0.2381293642906823,CXCR4,50,euclidean
ligand_CHEMBL508054,20.272425249169437,0.2654346647814916,CXCR4,50,euclidean
ligand_CHEMBL541728,20.272425249169437,0.2530518251728609,CXCR4,50,euclidean
ligand_CHEMBL577268,13.514950166112955,0.3876273252776234,CXCR4,50,euclidean
ligand_CHEMBL853,2.25249169435216,0.0317474814289488,CXCR4,50,euclidean
ligand_CHEMBL1088912,13.514950166112955,0.3623609243511236,CXCR4,50,cosine
ligand_CHEMBL1088913,22.524916943521596,0.4304561433903717,CXCR4,50,cosine
ligand_CHEMBL1089845,9.009966777408636,0.2631311694049562,CXCR4,50,cosine
ligand_CHEMBL1089846,6.757475083056478,0.241561096153744,CXCR4,50,cosine
ligand_CHEMBL1092301,13.514950166112955,0.222624993031956,CXCR4,50,cosine
ligand_CHEMBL1092324,6.757475083056478,0.263326588473801,CXCR4,50,cosine
ligand_CHEMBL1092596,24.77740863787375,0.4122887871986293,CXCR4,50,cosine
ligand_CHEMBL1092628,11.262458471760796,0.3106094519504757,CXCR4,50,cosine
ligand_CHEMBL1093008,15.767441860465116,0.3704977664493865,CXCR4,50,cosine
ligand_CHEMBL1094864,6.757475083056478,0.2193232927595432,CXCR4,50,cosine
ligand_CHEMBL1096504,13.514950166112955,0.3065998204540651,CXCR4,50,cosine
ligand_CHEMBL452864,22.524916943521596,0.303519692531592,CXCR4,50,cosine
ligand_CHEMBL452868,20.272425249169437,0.2895000563562436,CXCR4,50,cosine
ligand_CHEMBL454689,15.767441860465116,0.2660883396520475,CXCR4,50,cosine
ligand_CHEMBL460298,22.524916943521596,0.335781383728686,CXCR4,50,cosine
ligand_CHEMBL461358,13.514950166112955,0.2737577947051105,CXCR4,50,cosine
ligand_CHEMBL508054,20.272425249169437,0.315683275010658,CXCR4,50,cosine
ligand_CHEMBL541728,20.272425249169437,0.3083904854660032,CXCR4,50,cosine
ligand_CHEMBL577268,13.514950166112955,0.3472010760038833,CXCR4,50,cosine
ligand_CHEMBL853,0.0,0.0037828325379178,CXCR4,50,cosine
ligand_CHEMBL1088912,22.524916943521596,0.3720330667164099,CXCR4,100,euclidean
ligand_CHEMBL1088913,29.282392026578076,0.4430993230005161,CXCR4,100,euclidean
ligand_CHEMBL1089845,22.524916943521596,0.3897742123521707,CXCR4,100,euclidean
ligand_CHEMBL1089846,20.272425249169437,0.3912637112054674,CXCR4,100,euclidean
ligand_CHEMBL1092301,13.514950166112955,0.2325591236858937,CXCR4,100,euclidean
ligand_CHEMBL1092324,22.524916943521596,0.3622356002112836,CXCR4,100,euclidean
ligand_CHEMBL1092596,27.02990033222591,0.469486468720343,CXCR4,100,euclidean
ligand_CHEMBL1092628,13.514950166112955,0.3399246674799613,CXCR4,100,euclidean
ligand_CHEMBL1093008,22.524916943521596,0.4169437285865721,CXCR4,100,euclidean
ligand_CHEMBL1094864,15.767441860465116,0.3855478837133315,CXCR4,100,euclidean
ligand_CHEMBL1096504,15.767441860465116,0.2852690999183565,CXCR4,100,euclidean
ligand_CHEMBL452864,20.272425249169437,0.3032032515314579,CXCR4,100,euclidean
ligand_CHEMBL452868,20.272425249169437,0.305571790469527,CXCR4,100,euclidean
ligand_CHEMBL454689,18.019933554817275,0.2818670366747899,CXCR4,100,euclidean
ligand_CHEMBL460298,20.272425249169437,0.2663728855925303,CXCR4,100,euclidean
ligand_CHEMBL461358,15.767441860465116,0.2344376776971363,CXCR4,100,euclidean
ligand_CHEMBL508054,20.272425249169437,0.271143514045239,CXCR4,100,euclidean
ligand_CHEMBL541728,20.272425249169437,0.2607855685059325,CXCR4,100,euclidean
ligand_CHEMBL577268,9.009966777408636,0.358706341864565,CXCR4,100,euclidean
ligand_CHEMBL853,0.0,0.0317192300720554,CXCR4,100,euclidean
ligand_CHEMBL1088912,13.514950166112955,0.3402153467319419,CXCR4,100,cosine
ligand_CHEMBL1088913,20.272425249169437,0.4114918748196249,CXCR4,100,cosine
ligand_CHEMBL1089845,13.514950166112955,0.3024388855325666,CXCR4,100,cosine
ligand_CHEMBL1089846,6.757475083056478,0.2485060162597226,CXCR4,100,cosine
ligand_CHEMBL1092301,13.514950166112955,0.2793661758661561,CXCR4,100,cosine
ligand_CHEMBL1092324,4.504983388704319,0.2527051029587202,CXCR4,100,cosine
ligand_CHEMBL1092596,24.77740863787375,0.4113352493739224,CXCR4,100,cosine
ligand_CHEMBL1092628,15.767441860465116,0.3112562539651843,CXCR4,100,cosine
ligand_CHEMBL1093008,22.524916943521596,0.3795827160607865,CXCR4,100,cosine
ligand_CHEMBL1094864,4.504983388704319,0.1989992887314064,CXCR4,100,cosine
ligand_CHEMBL1096504,15.767441860465116,0.3382926656164829,CXCR4,100,cosine
ligand_CHEMBL452864,22.524916943521596,0.3541440198456125,CXCR4,100,cosine
ligand_CHEMBL452868,20.272425249169437,0.303836456170698,CXCR4,100,cosine
ligand_CHEMBL454689,15.767441860465116,0.27878587275012,CXCR4,100,cosine
ligand_CHEMBL460298,22.524916943521596,0.3771974349124342,CXCR4,100,cosine
ligand_CHEMBL461358,13.514950166112955,0.290890478525393,CXCR4,100,cosine
ligand_CHEMBL508054,22.524916943521596,0.3774067738812423,CXCR4,100,cosine
ligand_CHEMBL541728,20.272425249169437,0.3285955732971841,CXCR4,100,cosine
ligand_CHEMBL577268,18.019933554817275,0.3726301106686226,CXCR4,100,cosine
ligand_CHEMBL853,0.0,0.0153742604411879,CXCR4,100,cosine
ligand_CHEMBL108247,28.20277777777778,0.5384817051413664,FKB1A,10,euclidean
ligand_CHEMBL119571,8.677777777777777,0.1974819446665218,FKB1A,10,euclidean
ligand_CHEMBL120303,30.372222222222224,0.5128585235543437,FKB1A,10,euclidean
ligand_CHEMBL120630,21.694444444444443,0.3896134862988168,FKB1A,10,euclidean
ligand_CHEMBL146204,26.03333333333333,0.5076521159038334,FKB1A,10,euclidean
ligand_CHEMBL146804,17.355555555555554,0.3282500192826214,FKB1A,10,euclidean
ligand_CHEMBL148621,17.355555555555554,0.3398865830825042,FKB1A,10,euclidean
ligand_CHEMBL149373,6.508333333333334,0.2811762995720707,FKB1A,10,euclidean
ligand_CHEMBL149707,8.677777777777777,0.4376894485741743,FKB1A,10,euclidean
ligand_CHEMBL150229,17.355555555555554,0.4204540248433818,FKB1A,10,euclidean
ligand_CHEMBL284069,21.694444444444443,0.5813473562489425,FKB1A,10,euclidean
ligand_CHEMBL285557,2.1694444444444443,0.1956900236375431,FKB1A,10,euclidean
ligand_CHEMBL295091,0.0,0.0351454195002625,FKB1A,10,euclidean
ligand_CHEMBL326317,19.525,0.3751430084367964,FKB1A,10,euclidean
ligand_CHEMBL334179,19.525,0.4065085686170255,FKB1A,10,euclidean
ligand_CHEMBL406996,2.1694444444444443,0.123045331317253,FKB1A,10,euclidean
ligand_CHEMBL417492,2.1694444444444443,0.1524119178973534,FKB1A,10,euclidean
ligand_CHEMBL433871,21.694444444444443,0.4366749104186987,FKB1A,10,euclidean
ligand_CHEMBL50795,21.694444444444443,0.478720785154392,FKB1A,10,euclidean
ligand_CHEMBL6714,17.355555555555554,0.3371551986690941,FKB1A,10,euclidean
ligand_CHEMBL108247,21.694444444444443,0.4247998048404379,FKB1A,10,cosine
ligand_CHEMBL119571,2.1694444444444443,0.1202233513992138,FKB1A,10,cosine
ligand_CHEMBL120303,19.525,0.4756990851717312,FKB1A,10,cosine
ligand_CHEMBL120630,10.84722222222222,0.2181957880445412,FKB1A,10,cosine
ligand_CHEMBL146204,17.355555555555554,0.4293036202787246,FKB1A,10,cosine
ligand_CHEMBL146804,8.677777777777777,0.2598192444049318,FKB1A,10,cosine
ligand_CHEMBL148621,4.338888888888889,0.2442247136913772,FKB1A,10,cosine
ligand_CHEMBL149373,10.84722222222222,0.2852016688818293,FKB1A,10,cosine
ligand_CHEMBL149707,13.016666666666667,0.3839119758095766,FKB1A,10,cosine
ligand_CHEMBL150229,2.1694444444444443,0.1674298951151428,FKB1A,10,cosine
ligand_CHEMBL284069,19.525,0.4844569502822143,FKB1A,10,cosine
ligand_CHEMBL285557,0.0,0.1376573692616627,FKB1A,10,cosine
ligand_CHEMBL295091,0.0,0.0120747209254022,FKB1A,10,cosine
ligand_CHEMBL326317,13.016666666666667,0.2900443522381086,FKB1A,10,cosine
ligand_CHEMBL334179,17.355555555555554,0.3814496101154773,FKB1A,10,cosine
ligand_CHEMBL406996,2.1694444444444443,0.0563034439693569,FKB1A,10,cosine
ligand_CHEMBL417492,0.0,0.1642323097813824,FKB1A,10,cosine
ligand_CHEMBL433871,10.84722222222222,0.2405720615785294,FKB1A,10,cosine
ligand_CHEMBL50795,13.016666666666667,0.3216551966499004,FKB1A,10,cosine
ligand_CHEMBL6714,10.84722222222222,0.2663096377262087,FKB1A,10,cosine
ligand_CHEMBL108247,36.88055555555555,0.6487579380248006,FKB1A,50,euclidean
ligand_CHEMBL119571,17.355555555555554,0.3911740986510769,FKB1A,50,euclidean
ligand_CHEMBL120303,26.03333333333333,0.5337993079367881,FKB1A,50,euclidean
ligand_CHEMBL120630,19.525,0.4380158233417521,FKB1A,50,euclidean
ligand_CHEMBL146204,32.541666666666664,0.6185089291620363,FKB1A,50,euclidean
ligand_CHEMBL146804,13.016666666666667,0.3512771086250424,FKB1A,50,euclidean
ligand_CHEMBL148621,17.355555555555554,0.4322885632081705,FKB1A,50,euclidean
ligand_CHEMBL149373,13.016666666666667,0.3239577817859689,FKB1A,50,euclidean
ligand_CHEMBL149707,15.186111111111112,0.5077430671066882,FKB1A,50,euclidean
ligand_CHEMBL150229,19.525,0.4773103787825757,FKB1A,50,euclidean
ligand_CHEMBL284069,28.20277777777778,0.7093286741192996,FKB1A,50,euclidean
ligand_CHEMBL285557,15.186111111111112,0.3242034591388384,FKB1A,50,euclidean
ligand_CHEMBL295091,0.0,0.0681353504096534,FKB1A,50,euclidean
ligand_CHEMBL326317,17.355555555555554,0.3606472614675604,FKB1A,50,euclidean
ligand_CHEMBL334179,19.525,0.442180167596413,FKB1A,50,euclidean
ligand_CHEMBL406996,2.1694444444444443,0.1165508178334328,FKB1A,50,euclidean
ligand_CHEMBL417492,2.1694444444444443,0.181389223699035,FKB1A,50,euclidean
ligand_CHEMBL433871,19.525,0.5314884322946071,FKB1A,50,euclidean
ligand_CHEMBL50795,23.863888888888887,0.5991815514866724,FKB1A,50,euclidean
ligand_CHEMBL6714,28.20277777777778,0.4995264787468237,FKB1A,50,euclidean
ligand_CHEMBL108247,19.525,0.4449798395571131,FKB1A,50,cosine
ligand_CHEMBL119571,4.338888888888889,0.1796496794926033,FKB1A,50,cosine
ligand_CHEMBL120303,19.525,0.4387545137809578,FKB1A,50,cosine
ligand_CHEMBL120630,8.677777777777777,0.230408890925785,FKB1A,50,cosine
ligand_CHEMBL146204,17.355555555555554,0.4484352279523656,FKB1A,50,cosine
ligand_CHEMBL146804,17.355555555555554,0.4060093457598935,FKB1A,50,cosine
ligand_CHEMBL148621,15.186111111111112,0.3554587406914191,FKB1A,50,cosine
ligand_CHEMBL149373,6.508333333333334,0.2660677133336863,FKB1A,50,cosine
ligand_CHEMBL149707,23.863888888888887,0.4564194146319985,FKB1A,50,cosine
ligand_CHEMBL150229,2.1694444444444443,0.1890849601496503,FKB1A,50,cosine
ligand_CHEMBL284069,30.372222222222224,0.5176952810593027,FKB1A,50,cosine
ligand_CHEMBL285557,2.1694444444444443,0.1547110503272195,FKB1A,50,cosine
ligand_CHEMBL295091,0.0,0.0134893059798431,FKB1A,50,cosine
ligand_CHEMBL326317,10.84722222222222,0.1949350277721077,FKB1A,50,cosine
ligand_CHEMBL334179,15.186111111111112,0.4038370138437896,FKB1A,50,cosine
ligand_CHEMBL406996,2.1694444444444443,0.0394003388226883,FKB1A,50,cosine
ligand_CHEMBL417492,4.338888888888889,0.2580877636020293,FKB1A,50,cosine
ligand_CHEMBL433871,8.677777777777777,0.2580951439172712,FKB1A,50,cosine
ligand_CHEMBL50795,21.694444444444443,0.3869252339624484,FKB1A,50,cosine
ligand_CHEMBL6714,23.863888888888887,0.3438594369372095,FKB1A,50,cosine
ligand_CHEMBL108247,32.541666666666664,0.6655903102253689,FKB1A,100,euclidean
ligand_CHEMBL119571,15.186111111111112,0.3519713756096138,FKB1A,100,euclidean
ligand_CHEMBL120303,28.20277777777778,0.5346747810226631,FKB1A,100,euclidean
ligand_CHEMBL120630,19.525,0.4884130032940908,FKB1A,100,euclidean
ligand_CHEMBL146204,30.372222222222224,0.6328738039647452,FKB1A,100,euclidean
ligand_CHEMBL146804,15.186111111111112,0.3672091843415577,FKB1A,100,euclidean
ligand_CHEMBL148621,21.694444444444443,0.4914987831030213,FKB1A,100,euclidean
ligand_CHEMBL149373,13.016666666666667,0.343580326543897,FKB1A,100,euclidean
ligand_CHEMBL149707,23.863888888888887,0.6130432995054466,FKB1A,100,euclidean
ligand_CHEMBL150229,13.016666666666667,0.3752760583049465,FKB1A,100,euclidean
ligand_CHEMBL284069,30.372222222222224,0.6800300310059822,FKB1A,100,euclidean
ligand_CHEMBL285557,10.84722222222222,0.3080880295263015,FKB1A,100,euclidean
ligand_CHEMBL295091,2.1694444444444443,0.1367897453172043,FKB1A,100,euclidean
ligand_CHEMBL326317,10.84722222222222,0.3135178592208653,FKB1A,100,euclidean
ligand_CHEMBL334179,26.03333333333333,0.4847894319586193,FKB1A,100,euclidean
ligand_CHEMBL406996,2.1694444444444443,0.059060210836768,FKB1A,100,euclidean
ligand_CHEMBL417492,2.1694444444444443,0.1737770102254178,FKB1A,100,euclidean
ligand_CHEMBL433871,15.186111111111112,0.3670226045336799,FKB1A,100,euclidean
ligand_CHEMBL50795,28.20277777777778,0.5881672624687319,FKB1A,100,euclidean
ligand_CHEMBL6714,21.694444444444443,0.4977381316375376,FKB1A,100,euclidean
ligand_CHEMBL108247,19.525,0.450478795246717,FKB1A,100,cosine
ligand_CHEMBL119571,10.84722222222222,0.2401998213321791,FKB1A,100,cosine
ligand_CHEMBL120303,23.863888888888887,0.428768706343943,FKB1A,100,cosine
ligand_CHEMBL120630,6.508333333333334,0.1912224451574115,FKB1A,100,cosine
ligand_CHEMBL146204,19.525,0.3672931455937533,FKB1A,100,cosine
ligand_CHEMBL146804,17.355555555555554,0.3888687798638712,FKB1A,100,cosine
ligand_CHEMBL148621,13.016666666666667,0.2924312909873707,FKB1A,100,cosine
ligand_CHEMBL149373,6.508333333333334,0.2897037911854052,FKB1A,100,cosine
ligand_CHEMBL149707,17.355555555555554,0.3885765589779906,FKB1A,100,cosine
ligand_CHEMBL150229,2.1694444444444443,0.1691521728482515,FKB1A,100,cosine
ligand_CHEMBL284069,21.694444444444443,0.5167303960764719,FKB1A,100,cosine
ligand_CHEMBL285557,2.1694444444444443,0.1467516883911726,FKB1A,100,cosine
ligand_CHEMBL295091,0.0,0.0314377659585548,FKB1A,100,cosine
ligand_CHEMBL326317,10.84722222222222,0.1640310762333643,FKB1A,100,cosine
ligand_CHEMBL334179,15.186111111111112,0.3577610234079746,FKB1A,100,cosine
ligand_CHEMBL406996,2.1694444444444443,0.0552259069392992,FKB1A,100,cosine
ligand_CHEMBL417492,4.338888888888889,0.255694823028651,FKB1A,100,cosine
ligand_CHEMBL433871,2.1694444444444443,0.1704735939111818,FKB1A,100,cosine
ligand_CHEMBL50795,13.016666666666667,0.3303942107628969,FKB1A,100,cosine
ligand_CHEMBL6714,19.525,0.3961950951471242,FKB1A,100,cosine
ligand_CHEMBL1081509,15.198257080610022,0.3793822177455371,KIT,10,euclidean
ligand_CHEMBL1173149,11.398692810457517,0.1928364195095359,KIT,10,euclidean
ligand_CHEMBL197610,3.7995642701525054,0.1786700094375309,KIT,10,euclidean
ligand_CHEMBL212084,1.8997821350762527,0.0504649350100252,KIT,10,euclidean
ligand_CHEMBL222315,11.398692810457517,0.2363821294060915,KIT,10,euclidean
ligand_CHEMBL223360,13.298474945533767,0.3043436490446184,KIT,10,euclidean
ligand_CHEMBL259247,9.498910675381264,0.1546281761831157,KIT,10,euclidean
ligand_CHEMBL26559,3.7995642701525054,0.0595087152097196,KIT,10,euclidean
ligand_CHEMBL272902,5.699346405228758,0.1726030410489244,KIT,10,euclidean
ligand_CHEMBL376307,11.398692810457517,0.2030752800394445,KIT,10,euclidean
ligand_CHEMBL377193,0.0,0.0533170422107209,KIT,10,euclidean
ligand_CHEMBL380703,11.398692810457517,0.2042109071928306,KIT,10,euclidean
ligand_CHEMBL404367,18.99782135076253,0.3826176665896117,KIT,10,euclidean
ligand_CHEMBL406375,0.0,0.0018076029435615,KIT,10,euclidean
ligand_CHEMBL426887,15.198257080610022,0.3347562445070849,KIT,10,euclidean
ligand_CHEMBL488840,3.7995642701525054,0.2368868841686858,KIT,10,euclidean
ligand_CHEMBL494821,3.7995642701525054,0.1250598419929491,KIT,10,euclidean
ligand_CHEMBL520718,7.599128540305011,0.3511687861304899,KIT,10,euclidean
ligand_CHEMBL535,7.599128540305011,0.2192779692530961,KIT,10,euclidean
ligand_CHEMBL572881,3.7995642701525054,0.1918046343933392,KIT,10,euclidean
ligand_CHEMBL1081509,5.699346405228758,0.1851319203967742,KIT,10,cosine
ligand_CHEMBL1173149,0.0,0.0334860146786258,KIT,10,cosine
ligand_CHEMBL197610,1.8997821350762527,0.0810990603163979,KIT,10,cosine
ligand_CHEMBL212084,1.8997821350762527,0.0530981901677544,KIT,10,cosine
ligand_CHEMBL222315,7.599128540305011,0.2436255561044793,KIT,10,cosine
ligand_CHEMBL223360,11.398692810457517,0.2121553236506291,KIT,10,cosine
ligand_CHEMBL259247,5.699346405228758,0.1207998822641842,KIT,10,cosine
ligand_CHEMBL26559,1.8997821350762527,0.0663766023399804,KIT,10,cosine
ligand_CHEMBL272902,1.8997821350762527,0.0910046548518248,KIT,10,cosine
ligand_CHEMBL376307,3.7995642701525054,0.0997705029667967,KIT,10,cosine
ligand_CHEMBL377193,0.0,0.0905423988238201,KIT,10,cosine
ligand_CHEMBL380703,5.699346405228758,0.1300475889300744,KIT,10,cosine
ligand_CHEMBL404367,5.699346405228758,0.1597272102724315,KIT,10,cosine
ligand_CHEMBL406375,0.0,0.0125331848967241,KIT,10,cosine
ligand_CHEMBL426887,11.398692810457517,0.2842836289303483,KIT,10,cosine
ligand_CHEMBL488840,5.699346405228758,0.1803392599111153,KIT,10,cosine
ligand_CHEMBL494821,7.599128540305011,0.14638710042087,KIT,10,cosine
ligand_CHEMBL520718,5.699346405228758,0.2007371230355144,KIT,10,cosine
ligand_CHEMBL535,0.0,0.1203493514211549,KIT,10,cosine
ligand_CHEMBL572881,0.0,0.1429375905729324,KIT,10,cosine
ligand_CHEMBL1081509,15.198257080610022,0.397871310569613,KIT,50,euclidean
ligand_CHEMBL1173149,7.599128540305011,0.2092015898589333,KIT,50,euclidean
ligand_CHEMBL197610,3.7995642701525054,0.1086826301849685,KIT,50,euclidean
ligand_CHEMBL212084,1.8997821350762527,0.0594787804436325,KIT,50,euclidean
ligand_CHEMBL222315,11.398692810457517,0.2921984697048116,KIT,50,euclidean
ligand_CHEMBL223360,15.198257080610022,0.2996686416973061,KIT,50,euclidean
ligand_CHEMBL259247,7.599128540305011,0.2262883287346343,KIT,50,euclidean
ligand_CHEMBL26559,1.8997821350762527,0.0729756406457099,KIT,50,euclidean
ligand_CHEMBL272902,9.498910675381264,0.2995815254426288,KIT,50,euclidean
ligand_CHEMBL376307,13.298474945533767,0.2435413391648373,KIT,50,euclidean
ligand_CHEMBL377193,0.0,0.0653982881490279,KIT,50,euclidean
ligand_CHEMBL380703,9.498910675381264,0.2236024541386514,KIT,50,euclidean
ligand_CHEMBL404367,20.897603485838783,0.4073025732185764,KIT,50,euclidean
ligand_CHEMBL406375,0.0,0.0028165886326683,KIT,50,euclidean
ligand_CHEMBL426887,17.098039215686274,0.3652979388596514,KIT,50,euclidean
ligand_CHEMBL488840,1.8997821350762527,0.1864838141954242,KIT,50,euclidean
ligand_CHEMBL494821,3.7995642701525054,0.1572083812262839,KIT,50,euclidean
ligand_CHEMBL520718,18.99782135076253,0.4745677422850757,KIT,50,euclidean
ligand_CHEMBL535,11.398692810457517,0.3056449641682903,KIT,50,euclidean
ligand_CHEMBL572881,3.7995642701525054,0.2700972857037876,KIT,50,euclidean
ligand_CHEMBL1081509,5.699346405228758,0.2303454429300524,KIT,50,cosine
ligand_CHEMBL1173149,0.0,0.0602868107012974,KIT,50,cosine
ligand_CHEMBL197610,1.8997821350762527,0.064058506805595,KIT,50,cosine
ligand_CHEMBL212084,0.0,0.0330556185328348,KIT,50,cosine
ligand_CHEMBL222315,13.298474945533767,0.2566361374753801,KIT,50,cosine
ligand_CHEMBL223360,5.699346405228758,0.1810184226192566,KIT,50,cosine
ligand_CHEMBL259247,3.7995642701525054,0.1134344671652194,KIT,50,cosine
ligand_CHEMBL26559,0.0,0.0448003237046446,KIT,50,cosine
ligand_CHEMBL272902,1.8997821350762527,0.0873474659176386,KIT,50,cosine
ligand_CHEMBL376307,3.7995642701525054,0.1533516149205568,KIT,50,cosine
ligand_CHEMBL377193,0.0,0.0346345300240476,KIT,50,cosine
ligand_CHEMBL380703,3.7995642701525054,0.1351313376323576,KIT,50,cosine
ligand_CHEMBL404367,11.398692810457517,0.2295476858408519,KIT,50,cosine
ligand_CHEMBL406375,0.0,0.0371075538123132,KIT,50,cosine
ligand_CHEMBL426887,17.098039215686274,0.3890137697986487,KIT,50,cosine
ligand_CHEMBL488840,13.298474945533767,0.248442282312652,KIT,50,cosine
ligand_CHEMBL494821,5.699346405228758,0.1566535116997485,KIT,50,cosine
ligand_CHEMBL520718,5.699346405228758,0.2135688470395857,KIT,50,cosine
ligand_CHEMBL535,0.0,0.1214802181054568,KIT,50,cosine
ligand_CHEMBL572881,7.599128540305011,0.1887821336303113,KIT,50,cosine
ligand_CHEMBL1081509,18.99782135076253,0.4772490779182353,KIT,100,euclidean
ligand_CHEMBL1173149,9.498910675381264,0.1926190778366495,KIT,100,euclidean
ligand_CHEMBL197610,3.7995642701525054,0.0970883422377155,KIT,100,euclidean
ligand_CHEMBL212084,1.8997821350762527,0.0497782209676775,KIT,100,euclidean
ligand_CHEMBL222315,15.198257080610022,0.2863930139289151,KIT,100,euclidean
ligand_CHEMBL223360,13.298474945533767,0.257230303677099,KIT,100,euclidean
ligand_CHEMBL259247,11.398692810457517,0.2660653926787588,KIT,100,euclidean
ligand_CHEMBL26559,1.8997821350762527,0.0514834649044833,KIT,100,euclidean
ligand_CHEMBL272902,17.098039215686274,0.3892556944244335,KIT,100,euclidean
ligand_CHEMBL376307,17.098039215686274,0.2389142077729555,KIT,100,euclidean
ligand_CHEMBL377193,5.699346405228758,0.1004683507184279,KIT,100,euclidean
ligand_CHEMBL380703,11.398692810457517,0.2069616919103556,KIT,100,euclidean
ligand_CHEMBL404367,15.198257080610022,0.3171926366789275,KIT,100,euclidean
ligand_CHEMBL406375,0.0,0.0017967878932642,KIT,100,euclidean
ligand_CHEMBL426887,15.198257080610022,0.3615794961736324,KIT,100,euclidean
ligand_CHEMBL488840,3.7995642701525054,0.1971788689328779,KIT,100,euclidean
ligand_CHEMBL494821,7.599128540305011,0.2043101779646321,KIT,100,euclidean
ligand_CHEMBL520718,18.99782135076253,0.4795837287995799,KIT,100,euclidean
ligand_CHEMBL535,15.198257080610022,0.3151408552029677,KIT,100,euclidean
ligand_CHEMBL572881,5.699346405228758,0.2898560472506608,KIT,100,euclidean
ligand_CHEMBL1081509,3.7995642701525054,0.1976517516406183,KIT,100,cosine
ligand_CHEMBL1173149,0.0,0.0424240494833463,KIT,100,cosine
ligand_CHEMBL197610,0.0,0.0709780343274371,KIT,100,cosine
ligand_CHEMBL212084,0.0,0.0210161838264232,KIT,100,cosine
ligand_CHEMBL222315,11.398692810457517,0.2238515185110303,KIT,100,cosine
ligand_CHEMBL223360,7.599128540305011,0.1877270268905361,KIT,100,cosine
ligand_CHEMBL259247,7.599128540305011,0.1904622017675289,KIT,100,cosine
ligand_CHEMBL26559,0.0,0.0361505174560834,KIT,100,cosine
ligand_CHEMBL272902,1.8997821350762527,0.1176204788789113,KIT,100,cosine
ligand_CHEMBL376307,3.7995642701525054,0.1085594382230681,KIT,100,cosine
ligand_CHEMBL377193,0.0,0.0717628402554833,KIT,100,cosine
ligand_CHEMBL380703,0.0,0.1572520097330736,KIT,100,cosine
ligand_CHEMBL404367,9.498910675381264,0.2041811450465176,KIT,100,cosine
ligand_CHEMBL406375,0.0,0.0215964354499621,KIT,100,cosine
ligand_CHEMBL426887,13.298474945533767,0.3130882676527758,KIT,100,cosine
ligand_CHEMBL488840,11.398692810457517,0.1991286469373092,KIT,100,cosine
ligand_CHEMBL494821,5.699346405228758,0.1836380750608401,KIT,100,cosine
ligand_CHEMBL520718,7.599128540305011,0.252345304088434,KIT,100,cosine
ligand_CHEMBL535,1.8997821350762527,0.1187493310782825,KIT,100,cosine
ligand_CHEMBL572881,7.599128540305011,0.2238282279362701,KIT,100,cosine
ligand_CHEMBL199395,0.0,0.1875707742862546,MK01,10,euclidean
ligand_CHEMBL219683,31.513833992094863,0.4022484503964656,MK01,10,euclidean
ligand_CHEMBL219849,40.51778656126482,0.4984603373982305,MK01,10,euclidean
ligand_CHEMBL220110,6.75296442687747,0.1233728332837772,MK01,10,euclidean
ligand_CHEMBL220112,38.26679841897233,0.5202303890738984,MK01,10,euclidean
ligand_CHEMBL220343,33.76482213438735,0.4736634874472225,MK01,10,euclidean
ligand_CHEMBL221109,9.003952569169961,0.1343693533645299,MK01,10,euclidean
ligand_CHEMBL222249,33.76482213438735,0.5009009699288602,MK01,10,euclidean
ligand_CHEMBL235345,2.2509881422924902,0.1116882482677311,MK01,10,euclidean
ligand_CHEMBL374677,36.015810276679844,0.4951986890361164,MK01,10,euclidean
ligand_CHEMBL374876,20.25889328063241,0.3752765472729185,MK01,10,euclidean
ligand_CHEMBL375525,31.513833992094863,0.4068385690254727,MK01,10,euclidean
ligand_CHEMBL383104,2.2509881422924902,0.1572487188357937,MK01,10,euclidean
ligand_CHEMBL440356,4.5019762845849804,0.1081819098981277,MK01,10,euclidean
ligand_CHEMBL524266,4.5019762845849804,0.142529034556043,MK01,10,euclidean
ligand_CHEMBL565459,20.25889328063241,0.4420852337684249,MK01,10,euclidean
ligand_CHEMBL565460,11.254940711462451,0.321116610418812,MK01,10,euclidean
ligand_CHEMBL570366,29.26284584980237,0.4531223593101497,MK01,10,euclidean
ligand_CHEMBL570367,29.26284584980237,0.4306463155542515,MK01,10,euclidean
ligand_CHEMBL99203,2.2509881422924902,0.1402331018044599,MK01,10,euclidean
ligand_CHEMBL199395,0.0,0.0432411657380682,MK01,10,cosine
ligand_CHEMBL219683,27.01185770750988,0.4043655202509071,MK01,10,cosine
ligand_CHEMBL219849,31.513833992094863,0.4870536709548744,MK01,10,cosine
ligand_CHEMBL220110,6.75296442687747,0.148489712972464,MK01,10,cosine
ligand_CHEMBL220112,29.26284584980237,0.5048558183923427,MK01,10,cosine
ligand_CHEMBL220343,29.26284584980237,0.4171428076458807,MK01,10,cosine
ligand_CHEMBL221109,6.75296442687747,0.2165510810007233,MK01,10,cosine
ligand_CHEMBL222249,31.513833992094863,0.41279762794423,MK01,10,cosine
ligand_CHEMBL235345,0.0,0.0859134751973118,MK01,10,cosine
ligand_CHEMBL374677,24.76086956521739,0.4406585715727222,MK01,10,cosine
ligand_CHEMBL374876,29.26284584980237,0.4300960854157913,MK01,10,cosine
ligand_CHEMBL375525,20.25889328063241,0.3596617788190531,MK01,10,cosine
ligand_CHEMBL383104,2.2509881422924902,0.1095015233975078,MK01,10,cosine
ligand_CHEMBL440356,4.5019762845849804,0.0955837145905757,MK01,10,cosine
ligand_CHEMBL524266,4.5019762845849804,0.0945147752983568,MK01,10,cosine
ligand_CHEMBL565459,18.007905138339922,0.3179477066951766,MK01,10,cosine
ligand_CHEMBL565460,20.25889328063241,0.4438334358336441,MK01,10,cosine
ligand_CHEMBL570366,13.50592885375494,0.2628635818100657,MK01,10,cosine
ligand_CHEMBL570367,15.756916996047432,0.3681803304204458,MK01,10,cosine
ligand_CHEMBL99203,0.0,0.1326908473982393,MK01,10,cosine
ligand_CHEMBL199395,4.5019762845849804,0.2105168367764039,MK01,50,euclidean
ligand_CHEMBL219683,31.513833992094863,0.4943431226248975,MK01,50,euclidean
ligand_CHEMBL219849,38.26679841897233,0.5159668349458111,MK01,50,euclidean
ligand_CHEMBL220110,6.75296442687747,0.1106376032398261,MK01,50,euclidean
ligand_CHEMBL220112,40.51778656126482,0.5418426302382665,MK01,50,euclidean
ligand_CHEMBL220343,33.76482213438735,0.5292988020260578,MK01,50,euclidean
ligand_CHEMBL221109,9.003952569169961,0.1515263379733055,MK01,50,euclidean
ligand_CHEMBL222249,36.015810276679844,0.5316006484377894,MK01,50,euclidean
ligand_CHEMBL235345,2.2509881422924902,0.1348148019133098,MK01,50,euclidean
ligand_CHEMBL374677,36.015810276679844,0.4998974596725749,MK01,50,euclidean
ligand_CHEMBL374876,27.01185770750988,0.4194084947375232,MK01,50,euclidean
ligand_CHEMBL375525,27.01185770750988,0.4188271480954203,MK01,50,euclidean
ligand_CHEMBL383104,2.2509881422924902,0.1255320578546032,MK01,50,euclidean
ligand_CHEMBL440356,6.75296442687747,0.1299168868838321,MK01,50,euclidean
ligand_CHEMBL524266,4.5019762845849804,0.1244253113339144,MK01,50,euclidean
ligand_CHEMBL565459,24.76086956521739,0.449844470437243,MK01,50,euclidean
ligand_CHEMBL565460,24.76086956521739,0.4580402030953485,MK01,50,euclidean
ligand_CHEMBL570366,33.76482213438735,0.5151806552241445,MK01,50,euclidean
ligand_CHEMBL570367,27.01185770750988,0.4259073898455731,MK01,50,euclidean
ligand_CHEMBL99203,2.2509881422924902,0.1425422898927852,MK01,50,euclidean
ligand_CHEMBL199395,2.2509881422924902,0.1288403074512967,MK01,50,cosine
ligand_CHEMBL219683,27.01185770750988,0.4080203325042152,MK01,50,cosine
ligand_CHEMBL219849,22.509881422924902,0.4200920734824557,MK01,50,cosine
ligand_CHEMBL220110,6.75296442687747,0.1712754144746965,MK01,50,cosine
ligand_CHEMBL220112,29.26284584980237,0.4372010797173372,MK01,50,cosine
ligand_CHEMBL220343,27.01185770750988,0.3978288032193532,MK01,50,cosine
ligand_CHEMBL221109,9.003952569169961,0.2070449774467199,MK01,50,cosine
ligand_CHEMBL222249,27.01185770750988,0.3800811386255788,MK01,50,cosine
ligand_CHEMBL235345,4.5019762845849804,0.2610867287807861,MK01,50,cosine
ligand_CHEMBL374677,15.756916996047432,0.3796145185014875,MK01,50,cosine
ligand_CHEMBL374876,29.26284584980237,0.3886133275616607,MK01,50,cosine
ligand_CHEMBL375525,24.76086956521739,0.3844169217441496,MK01,50,cosine
ligand_CHEMBL383104,2.2509881422924902,0.0546967067164425,MK01,50,cosine
ligand_CHEMBL440356,0.0,0.0486768231216142,MK01,50,cosine
ligand_CHEMBL524266,2.2509881422924902,0.1501328455231694,MK01,50,cosine
ligand_CHEMBL565459,11.254940711462451,0.3250055287202822,MK01,50,cosine
ligand_CHEMBL565460,13.50592885375494,0.3017220364291291,MK01,50,cosine
ligand_CHEMBL570366,9.003952569169961,0.1834411497367304,MK01,50,cosine
ligand_CHEMBL570367,18.007905138339922,0.3104445243965353,MK01,50,cosine
ligand_CHEMBL99203,9.003952569169961,0.2998848467024141,MK01,50,cosine
ligand_CHEMBL199395,9.003952569169961,0.2408910621624228,MK01,100,euclidean
ligand_CHEMBL219683,31.513833992094863,0.4957351290394979,MK01,100,euclidean
ligand_CHEMBL219849,36.015810276679844,0.5408611501109406,MK01,100,euclidean
ligand_CHEMBL220110,6.75296442687747,0.1138527173620239,MK01,100,euclidean
ligand_CHEMBL220112,40.51778656126482,0.5592414453627628,MK01,100,euclidean
ligand_CHEMBL220343,38.26679841897233,0.5320064692297304,MK01,100,euclidean
ligand_CHEMBL221109,9.003952569169961,0.2222969221903664,MK01,100,euclidean
ligand_CHEMBL222249,36.015810276679844,0.5175330868879189,MK01,100,euclidean
ligand_CHEMBL235345,0.0,0.1526472398359546,MK01,100,euclidean
ligand_CHEMBL374677,38.26679841897233,0.5171538937693281,MK01,100,euclidean
ligand_CHEMBL374876,29.26284584980237,0.4910214919192402,MK01,100,euclidean
ligand_CHEMBL375525,27.01185770750988,0.4705024063697916,MK01,100,euclidean
ligand_CHEMBL383104,2.2509881422924902,0.0873722029765645,MK01,100,euclidean
ligand_CHEMBL440356,4.5019762845849804,0.1182036361187232,MK01,100,euclidean
ligand_CHEMBL524266,2.2509881422924902,0.1257792284361517,MK01,100,euclidean
ligand_CHEMBL565459,24.76086956521739,0.4122873589747964,MK01,100,euclidean
ligand_CHEMBL565460,15.756916996047432,0.3652971602137729,MK01,100,euclidean
ligand_CHEMBL570366,31.513833992094863,0.5393022709149112,MK01,100,euclidean
ligand_CHEMBL570367,24.76086956521739,0.4057599027502301,MK01,100,euclidean
ligand_CHEMBL99203,6.75296442687747,0.1809427849288523,MK01,100,euclidean
ligand_CHEMBL199395,0.0,0.1494646939335603,MK01,100,cosine
ligand_CHEMBL219683,27.01185770750988,0.435681886374274,MK01,100,cosine
ligand_CHEMBL219849,22.509881422924902,0.3556205676587209,MK01,100,cosine
ligand_CHEMBL220110,9.003952569169961,0.1810175779210782,MK01,100,cosine
ligand_CHEMBL220112,24.76086956521739,0.339215274231711,MK01,100,cosine
ligand_CHEMBL220343,24.76086956521739,0.3546411368880938,MK01,100,cosine
ligand_CHEMBL221109,9.003952569169961,0.2284038685520953,MK01,100,cosine
ligand_CHEMBL222249,24.76086956521739,0.3893276672177777,MK01,100,cosine
ligand_CHEMBL235345,11.254940711462451,0.2836629356819211,MK01,100,cosine
ligand_CHEMBL374677,11.254940711462451,0.2866709622286853,MK01,100,cosine
ligand_CHEMBL374876,13.50592885375494,0.2806344491796673,MK01,100,cosine
ligand_CHEMBL375525,18.007905138339922,0.3649327865240688,MK01,100,cosine
ligand_CHEMBL383104,2.2509881422924902,0.0533418744084497,MK01,100,cosine
ligand_CHEMBL440356,2.2509881422924902,0.0459113868054211,MK01,100,cosine
ligand_CHEMBL524266,2.2509881422924902,0.0874231657813759,MK01,100,cosine
ligand_CHEMBL565459,13.50592885375494,0.3087995575120883,MK01,100,cosine
ligand_CHEMBL565460,11.254940711462451,0.26506674745532,MK01,100,cosine
ligand_CHEMBL570366,9.003952569169961,0.2236666845360204,MK01,100,cosine
ligand_CHEMBL570367,15.756916996047432,0.3247973901014857,MK01,100,cosine
ligand_CHEMBL99203,6.75296442687747,0.2391282135453842,MK01,100,cosine
ligand_NONE,7.32996632996633,0.2364369177449838,MT1,10,euclidean
ligand_ZINC13581641,18.324915824915823,0.3552975479369759,MT1,10,euclidean
ligand_ZINC13738661,7.32996632996633,0.1820586546904102,MT1,10,euclidean
ligand_ZINC13781218,10.994949494949497,0.2242526137294938,MT1,10,euclidean
ligand_ZINC1490275,14.65993265993266,0.2119447321964625,MT1,10,euclidean
ligand_ZINC21620,18.324915824915823,0.4727732736526444,MT1,10,euclidean
ligand_ZINC23738,0.0,0.1095424407328015,MT1,10,euclidean
ligand_ZINC2516065,21.98989898989899,0.4588954723554529,MT1,10,euclidean
ligand_ZINC3941,18.324915824915823,0.3761850579942687,MT1,10,euclidean
ligand_ZINC5608,18.324915824915823,0.3465845098076825,MT1,10,euclidean
ligand_ZINC57060,14.65993265993266,0.3639823916850754,MT1,10,euclidean
ligand_ZINC57237,10.994949494949497,0.3109474997400975,MT1,10,euclidean
ligand_ZINC57344,18.324915824915823,0.2961757266979599,MT1,10,euclidean
ligand_ZINC5833,18.324915824915823,0.4449199278094536,MT1,10,euclidean
ligand_ZINC6392,29.31986531986532,0.4607386280653188,MT1,10,euclidean
ligand_ZINC65731250,14.65993265993266,0.2447529250957956,MT1,10,euclidean
ligand_ZINC7031,14.65993265993266,0.3936769134543832,MT1,10,euclidean
ligand_ZINC71295104,7.32996632996633,0.1982720007886363,MT1,10,euclidean
ligand_ZINC82157000,10.994949494949497,0.3180251101060539,MT1,10,euclidean
ligand_ZINC95594201,7.32996632996633,0.2948757171021291,MT1,10,euclidean
ligand_NONE,3.664983164983165,0.2717476577430097,MT1,10,cosine
ligand_ZINC13581641,18.324915824915823,0.4178232194254754,MT1,10,cosine
ligand_ZINC13738661,0.0,0.0248633151388056,MT1,10,cosine
ligand_ZINC13781218,21.98989898989899,0.3212581747424342,MT1,10,cosine
ligand_ZINC1490275,10.994949494949497,0.1843468278661748,MT1,10,cosine
ligand_ZINC21620,25.654882154882152,0.3571250557039196,MT1,10,cosine
ligand_ZINC23738,0.0,0.0415104341209103,MT1,10,cosine
ligand_ZINC2516065,18.324915824915823,0.3929931931795559,MT1,10,cosine
ligand_ZINC3941,10.994949494949497,0.2074443978004304,MT1,10,cosine
ligand_ZINC5608,14.65993265993266,0.3408251616513644,MT1,10,cosine
ligand_ZINC57060,7.32996632996633,0.3282481162961824,MT1,10,cosine
ligand_ZINC57237,25.654882154882152,0.386982709293605,MT1,10,cosine
ligand_ZINC57344,10.994949494949497,0.3162253223170385,MT1,10,cosine
ligand_ZINC5833,7.32996632996633,0.1948558527940515,MT1,10,cosine
ligand_ZINC6392,14.65993265993266,0.3702788489276919,MT1,10,cosine
ligand_ZINC65731250,18.324915824915823,0.3961692180373514,MT1,10,cosine
ligand_ZINC7031,18.324915824915823,0.405446760052476,MT1,10,cosine
ligand_ZINC71295104,3.664983164983165,0.1654088181169297,MT1,10,cosine
ligand_ZINC82157000,3.664983164983165,0.1573848178927882,MT1,10,cosine
ligand_ZINC95594201,14.65993265993266,0.2959595163734038,MT1,10,cosine
ligand_NONE,10.994949494949497,0.2944007032126315,MT1,50,euclidean
ligand_ZINC13581641,25.654882154882152,0.3971876035583541,MT1,50,euclidean
ligand_ZINC13738661,14.65993265993266,0.3309844713156865,MT1,50,euclidean
ligand_ZINC13781218,21.98989898989899,0.2782889053392274,MT1,50,euclidean
ligand_ZINC1490275,14.65993265993266,0.2029652113383959,MT1,50,euclidean
ligand_ZINC21620,25.654882154882152,0.4240217562787192,MT1,50,euclidean
ligand_ZINC23738,7.32996632996633,0.1615941421671333,MT1,50,euclidean
ligand_ZINC2516065,25.654882154882152,0.4699587241273578,MT1,50,euclidean
ligand_ZINC3941,14.65993265993266,0.384180611453076,MT1,50,euclidean
ligand_ZINC5608,21.98989898989899,0.374973538279381,MT1,50,euclidean
ligand_ZINC57060,25.654882154882152,0.4494635210729398,MT1,50,euclidean
ligand_ZINC57237,25.654882154882152,0.4181464745719885,MT1,50,euclidean
ligand_ZINC57344,21.98989898989899,0.3550448352103347,MT1,50,euclidean
ligand_ZINC5833,18.324915824915823,0.530614766752589,MT1,50,euclidean
ligand_ZINC6392,29.31986531986532,0.507329105571356,MT1,50,euclidean
ligand_ZINC65731250,7.32996632996633,0.3101105018743914,MT1,50,euclidean
ligand_ZINC7031,25.654882154882152,0.4433444841473664,MT1,50,euclidean
ligand_ZINC71295104,0.0,0.0913263877662289,MT1,50,euclidean
ligand_ZINC82157000,18.324915824915823,0.3815559755853918,MT1,50,euclidean
ligand_ZINC95594201,10.994949494949497,0.2965034179185277,MT1,50,euclidean
ligand_NONE,7.32996632996633,0.31338907872056,MT1,50,cosine
ligand_ZINC13581641,10.994949494949497,0.3748437796998703,MT1,50,cosine
ligand_ZINC13738661,10.994949494949497,0.2242770556670644,MT1,50,cosine
ligand_ZINC13781218,25.654882154882152,0.3354146382657732,MT1,50,cosine
ligand_ZINC1490275,10.994949494949497,0.2021340893753932,MT1,50,cosine
ligand_ZINC21620,21.98989898989899,0.4199133456659909,MT1,50,cosine
ligand_ZINC23738,0.0,0.0573204627400144,MT1,50,cosine
ligand_ZINC2516065,18.324915824915823,0.4792366284218559,MT1,50,cosine
ligand_ZINC3941,14.65993265993266,0.3509570993218205,MT1,50,cosine
ligand_ZINC5608,18.324915824915823,0.3987365297680373,MT1,50,cosine
ligand_ZINC57060,14.65993265993266,0.3986770709203506,MT1,50,cosine
ligand_ZINC57237,29.31986531986532,0.4648597673473452,MT1,50,cosine
ligand_ZINC57344,18.324915824915823,0.368557632359479,MT1,50,cosine
ligand_ZINC5833,3.664983164983165,0.1838403062640112,MT1,50,cosine
ligand_ZINC6392,25.654882154882152,0.4342042074114353,MT1,50,cosine
ligand_ZINC65731250,18.324915824915823,0.3775214295244231,MT1,50,cosine
ligand_ZINC7031,10.994949494949497,0.3560644384839258,MT1,50,cosine
ligand_ZINC71295104,3.664983164983165,0.1139950055727008,MT1,50,cosine
ligand_ZINC82157000,7.32996632996633,0.2121310093582543,MT1,50,cosine
ligand_ZINC95594201,3.664983164983165,0.1492230507384016,MT1,50,cosine
ligand_NONE,10.994949494949497,0.3036662354574774,MT1,100,euclidean
ligand_ZINC13581641,18.324915824915823,0.515657695349013,MT1,100,euclidean
ligand_ZINC13738661,21.98989898989899,0.3287839216435611,MT1,100,euclidean
ligand_ZINC13781218,18.324915824915823,0.2913994553373137,MT1,100,euclidean
ligand_ZINC1490275,7.32996632996633,0.1977582761321306,MT1,100,euclidean
ligand_ZINC21620,32.984848484848484,0.4614895468888746,MT1,100,euclidean
ligand_ZINC23738,0.0,0.1615734297616474,MT1,100,euclidean
ligand_ZINC2516065,29.31986531986532,0.4726052103447486,MT1,100,euclidean
ligand_ZINC3941,14.65993265993266,0.4554552846688546,MT1,100,euclidean
ligand_ZINC5608,18.324915824915823,0.3806525132557562,MT1,100,euclidean
ligand_ZINC57060,18.324915824915823,0.4691815807904947,MT1,100,euclidean
ligand_ZINC57237,21.98989898989899,0.4199324682155383,MT1,100,euclidean
ligand_ZINC57344,25.654882154882152,0.4263508724492887,MT1,100,euclidean
ligand_ZINC5833,14.65993265993266,0.4719461162686899,MT1,100,euclidean
ligand_ZINC6392,25.654882154882152,0.521803733109352,MT1,100,euclidean
ligand_ZINC65731250,7.32996632996633,0.3094194498035922,MT1,100,euclidean
ligand_ZINC7031,18.324915824915823,0.4345794004482372,MT1,100,euclidean
ligand_ZINC71295104,0.0,0.0574970923920702,MT1,100,euclidean
ligand_ZINC82157000,10.994949494949497,0.3638332128411993,MT1,100,euclidean
ligand_ZINC95594201,7.32996632996633,0.3375096088005523,MT1,100,euclidean
ligand_NONE,14.65993265993266,0.3596746888357285,MT1,100,cosine
ligand_ZINC13581641,18.324915824915823,0.4364270556736504,MT1,100,cosine
ligand_ZINC13738661,10.994949494949497,0.2517124078387834,MT1,100,cosine
ligand_ZINC13781218,25.654882154882152,0.3639140539368421,MT1,100,cosine
ligand_ZINC1490275,0.0,0.1407337149831311,MT1,100,cosine
ligand_ZINC21620,21.98989898989899,0.4365748081625716,MT1,100,cosine
ligand_ZINC23738,0.0,0.0318529210828748,MT1,100,cosine
ligand_ZINC2516065,21.98989898989899,0.3980615919053881,MT1,100,cosine
ligand_ZINC3941,7.32996632996633,0.3554771782368364,MT1,100,cosine
ligand_ZINC5608,18.324915824915823,0.3648213372510474,MT1,100,cosine
ligand_ZINC57060,14.65993265993266,0.4171913651222468,MT1,100,cosine
ligand_ZINC57237,32.984848484848484,0.5077806906559681,MT1,100,cosine
ligand_ZINC57344,25.654882154882152,0.4728869379487396,MT1,100,cosine
ligand_ZINC5833,7.32996632996633,0.1824500955613764,MT1,100,cosine
ligand_ZINC6392,25.654882154882152,0.4880786010209121,MT1,100,cosine
ligand_ZINC65731250,21.98989898989899,0.3814236015571633,MT1,100,cosine
ligand_ZINC7031,14.65993265993266,0.3506909034834045,MT1,100,cosine
ligand_ZINC71295104,0.0,0.0712862318071462,MT1,100,cosine
ligand_ZINC82157000,3.664983164983165,0.1654668025902024,MT1,100,cosine
ligand_ZINC95594201,0.0,0.1231717657404501,MT1,100,cosine
ligand_CHEMBL1082937,5.909218268422528,0.191150705552269,PTN1,10,euclidean
ligand_CHEMBL1086020,9.454749229476043,0.326658415261004,PTN1,10,euclidean
ligand_CHEMBL109290,1.1818436536845054,0.0668587504634242,PTN1,10,euclidean
ligand_CHEMBL137989,2.363687307369011,0.1289707792256097,PTN1,10,euclidean
ligand_CHEMBL140120,9.454749229476043,0.1779018427897265,PTN1,10,euclidean
ligand_CHEMBL140757,4.727374614738022,0.1112027684831845,PTN1,10,euclidean
ligand_CHEMBL24695,17.72765480526758,0.274654040210439,PTN1,10,euclidean
ligand_CHEMBL25368,4.727374614738022,0.2640683539501515,PTN1,10,euclidean
ligand_CHEMBL25825,21.2731857663211,0.367774205849095,PTN1,10,euclidean
ligand_CHEMBL261362,1.1818436536845054,0.0765110185345522,PTN1,10,euclidean
ligand_CHEMBL279242,18.909498458952086,0.3003858764174453,PTN1,10,euclidean
ligand_CHEMBL280388,0.0,0.0405969331562067,PTN1,10,euclidean
ligand_CHEMBL394852,4.727374614738022,0.1332814728645552,PTN1,10,euclidean
ligand_CHEMBL403746,10.63659288316055,0.2406657131205413,PTN1,10,euclidean
ligand_CHEMBL416145,5.909218268422528,0.2066119471149283,PTN1,10,euclidean
ligand_CHEMBL441959,4.727374614738022,0.2455515122456056,PTN1,10,euclidean
ligand_CHEMBL550662,5.909218268422528,0.1228087031787426,PTN1,10,euclidean
ligand_CHEMBL592245,11.818436536845056,0.249825424208955,PTN1,10,euclidean
ligand_CHEMBL61186,1.1818436536845054,0.05574401390847,PTN1,10,euclidean
ligand_CHEMBL68125,1.1818436536845054,0.0736571870826331,PTN1,10,euclidean
ligand_CHEMBL1082937,3.545530961053516,0.2244000232885518,PTN1,10,cosine
ligand_CHEMBL1086020,3.545530961053516,0.1634333823489148,PTN1,10,cosine
ligand_CHEMBL109290,3.545530961053516,0.1326772640999414,PTN1,10,cosine
ligand_CHEMBL137989,4.727374614738022,0.1425995533506359,PTN1,10,cosine
ligand_CHEMBL140120,7.091061922107032,0.1454167881774336,PTN1,10,cosine
ligand_CHEMBL140757,5.909218268422528,0.1591223565987218,PTN1,10,cosine
ligand_CHEMBL24695,15.363967497898573,0.2747384186163019,PTN1,10,cosine
ligand_CHEMBL25368,5.909218268422528,0.2266909490677877,PTN1,10,cosine
ligand_CHEMBL25825,13.00028019052956,0.3374683780716069,PTN1,10,cosine
ligand_CHEMBL261362,2.363687307369011,0.0516544797640277,PTN1,10,cosine
ligand_CHEMBL279242,13.00028019052956,0.2952603755642509,PTN1,10,cosine
ligand_CHEMBL280388,0.0,0.0169583594001828,PTN1,10,cosine
ligand_CHEMBL394852,0.0,0.0689014414794257,PTN1,10,cosine
ligand_CHEMBL403746,10.63659288316055,0.289494939343987,PTN1,10,cosine
ligand_CHEMBL416145,7.091061922107032,0.1914960953019678,PTN1,10,cosine
ligand_CHEMBL441959,8.272905575791539,0.2185804798725585,PTN1,10,cosine
ligand_CHEMBL550662,2.363687307369011,0.0967378585785501,PTN1,10,cosine
ligand_CHEMBL592245,7.091061922107032,0.1782268084085368,PTN1,10,cosine
ligand_CHEMBL61186,2.363687307369011,0.1346700101281255,PTN1,10,cosine
ligand_CHEMBL68125,2.363687307369011,0.1010049075766394,PTN1,10,cosine
ligand_CHEMBL1082937,5.909218268422528,0.1740931477528469,PTN1,50,euclidean
ligand_CHEMBL1086020,15.363967497898573,0.3434809948068619,PTN1,50,euclidean
ligand_CHEMBL109290,3.545530961053516,0.1018081553736352,PTN1,50,euclidean
ligand_CHEMBL137989,4.727374614738022,0.1196763213105418,PTN1,50,euclidean
ligand_CHEMBL140120,9.454749229476043,0.1842535461263125,PTN1,50,euclidean
ligand_CHEMBL140757,8.272905575791539,0.1551114185196629,PTN1,50,euclidean
ligand_CHEMBL24695,17.72765480526758,0.2816692336301581,PTN1,50,euclidean
ligand_CHEMBL25368,4.727374614738022,0.229355720100623,PTN1,50,euclidean
ligand_CHEMBL25825,20.091342112636596,0.3331788583715289,PTN1,50,euclidean
ligand_CHEMBL261362,1.1818436536845054,0.0737525703697386,PTN1,50,euclidean
ligand_CHEMBL279242,18.909498458952086,0.300446293660967,PTN1,50,euclidean
ligand_CHEMBL280388,1.1818436536845054,0.0359538838001687,PTN1,50,euclidean
ligand_CHEMBL394852,2.363687307369011,0.1319740970934218,PTN1,50,euclidean
ligand_CHEMBL403746,14.182123844214065,0.2474193331023982,PTN1,50,euclidean
ligand_CHEMBL416145,3.545530961053516,0.1678691573514854,PTN1,50,euclidean
ligand_CHEMBL441959,9.454749229476043,0.2747364292998774,PTN1,50,euclidean
ligand_CHEMBL550662,7.091061922107032,0.1264653073995359,PTN1,50,euclidean
ligand_CHEMBL592245,10.63659288316055,0.232776755868481,PTN1,50,euclidean
ligand_CHEMBL61186,2.363687307369011,0.084010485939508,PTN1,50,euclidean
ligand_CHEMBL68125,1.1818436536845054,0.0538147135425879,PTN1,50,euclidean
ligand_CHEMBL1082937,4.727374614738022,0.1936159088850998,PTN1,50,cosine
ligand_CHEMBL1086020,8.272905575791539,0.2168329935451931,PTN1,50,cosine
ligand_CHEMBL109290,1.1818436536845054,0.1052772255576778,PTN1,50,cosine
ligand_CHEMBL137989,3.545530961053516,0.1769162064932509,PTN1,50,cosine
ligand_CHEMBL140120,7.091061922107032,0.126237578565833,PTN1,50,cosine
ligand_CHEMBL140757,5.909218268422528,0.144299504955952,PTN1,50,cosine
ligand_CHEMBL24695,14.182123844214065,0.2968947764765571,PTN1,50,cosine
ligand_CHEMBL25368,8.272905575791539,0.2411152730548598,PTN1,50,cosine
ligand_CHEMBL25825,9.454749229476043,0.3005152135368773,PTN1,50,cosine
ligand_CHEMBL261362,1.1818436536845054,0.0668973970938715,PTN1,50,cosine
ligand_CHEMBL279242,15.363967497898573,0.3067459273163919,PTN1,50,cosine
ligand_CHEMBL280388,0.0,0.0280974200338361,PTN1,50,cosine
ligand_CHEMBL394852,2.363687307369011,0.0717037628068461,PTN1,50,cosine
ligand_CHEMBL403746,7.091061922107032,0.1962721577433545,PTN1,50,cosine
ligand_CHEMBL416145,4.727374614738022,0.1979821554016452,PTN1,50,cosine
ligand_CHEMBL441959,8.272905575791539,0.2788129340708455,PTN1,50,cosine
ligand_CHEMBL550662,4.727374614738022,0.134528779102213,PTN1,50,cosine
ligand_CHEMBL592245,8.272905575791539,0.1988071309961461,PTN1,50,cosine
ligand_CHEMBL61186,1.1818436536845054,0.1070241028343384,PTN1,50,cosine
ligand_CHEMBL68125,2.363687307369011,0.0793092408243763,PTN1,50,cosine
ligand_CHEMBL1082937,3.545530961053516,0.1740359825048897,PTN1,100,euclidean
ligand_CHEMBL1086020,13.00028019052956,0.3108645576907333,PTN1,100,euclidean
ligand_CHEMBL109290,1.1818436536845054,0.1332651312289583,PTN1,100,euclidean
ligand_CHEMBL137989,4.727374614738022,0.1436528052788377,PTN1,100,euclidean
ligand_CHEMBL140120,7.091061922107032,0.1560362685254943,PTN1,100,euclidean
ligand_CHEMBL140757,8.272905575791539,0.1424672848604219,PTN1,100,euclidean
ligand_CHEMBL24695,16.545811151583077,0.2737449857288941,PTN1,100,euclidean
ligand_CHEMBL25368,5.909218268422528,0.2302335935668056,PTN1,100,euclidean
ligand_CHEMBL25825,18.909498458952086,0.3295118494653248,PTN1,100,euclidean
ligand_CHEMBL261362,3.545530961053516,0.1171744506777425,PTN1,100,euclidean
ligand_CHEMBL279242,20.091342112636596,0.2846611055744061,PTN1,100,euclidean
ligand_CHEMBL280388,1.1818436536845054,0.0410637696612967,PTN1,100,euclidean
ligand_CHEMBL394852,5.909218268422528,0.1101002918618897,PTN1,100,euclidean
ligand_CHEMBL403746,11.818436536845056,0.2250902683304265,PTN1,100,euclidean
ligand_CHEMBL416145,4.727374614738022,0.1839502541918033,PTN1,100,euclidean
ligand_CHEMBL441959,7.091061922107032,0.2630710687036532,PTN1,100,euclidean
ligand_CHEMBL550662,7.091061922107032,0.1503089244054133,PTN1,100,euclidean
ligand_CHEMBL592245,9.454749229476043,0.2075019144762947,PTN1,100,euclidean
ligand_CHEMBL61186,1.1818436536845054,0.0855937158613957,PTN1,100,euclidean
ligand_CHEMBL68125,0.0,0.0626219129791148,PTN1,100,euclidean
ligand_CHEMBL1082937,4.727374614738022,0.2108552171722786,PTN1,100,cosine
ligand_CHEMBL1086020,7.091061922107032,0.1858856289556851,PTN1,100,cosine
ligand_CHEMBL109290,2.363687307369011,0.1030133462155444,PTN1,100,cosine
ligand_CHEMBL137989,8.272905575791539,0.2174008587050808,PTN1,100,cosine
ligand_CHEMBL140120,3.545530961053516,0.1050845412809984,PTN1,100,cosine
ligand_CHEMBL140757,7.091061922107032,0.1843125642131098,PTN1,100,cosine
ligand_CHEMBL24695,16.545811151583077,0.3358030900315529,PTN1,100,cosine
ligand_CHEMBL25368,8.272905575791539,0.2232460973900603,PTN1,100,cosine
ligand_CHEMBL25825,10.63659288316055,0.2848347477486607,PTN1,100,cosine
ligand_CHEMBL261362,2.363687307369011,0.065264504595414,PTN1,100,cosine
ligand_CHEMBL279242,18.909498458952086,0.3202738938792472,PTN1,100,cosine
ligand_CHEMBL280388,0.0,0.0495918419886782,PTN1,100,cosine
ligand_CHEMBL394852,3.545530961053516,0.0907245343478835,PTN1,100,cosine
ligand_CHEMBL403746,9.454749229476043,0.2396656869535556,PTN1,100,cosine
ligand_CHEMBL416145,3.545530961053516,0.1944349287312604,PTN1,100,cosine
ligand_CHEMBL441959,7.091061922107032,0.2440552100253528,PTN1,100,cosine
ligand_CHEMBL550662,4.727374614738022,0.1292793216691743,PTN1,100,cosine
ligand_CHEMBL592245,10.63659288316055,0.1993326076775007,PTN1,100,cosine
ligand_CHEMBL61186,1.1818436536845054,0.0879282131677444,PTN1,100,cosine
ligand_CHEMBL68125,2.363687307369011,0.0654546799239268,PTN1,100,cosine
ligand_CHEMBL105084,4.990429144797777,0.1485217309108472,SRC,10,euclidean
ligand_CHEMBL128356,1.2476072861994445,0.0807971121467131,SRC,10,euclidean
ligand_CHEMBL214329,1.2476072861994445,0.0884532918273456,SRC,10,euclidean
ligand_CHEMBL223147,1.2476072861994445,0.0693409305836943,SRC,10,euclidean
ligand_CHEMBL230508,4.990429144797777,0.1451704332200294,SRC,10,euclidean
ligand_CHEMBL240747,0.0,0.0205668307138536,SRC,10,euclidean
ligand_CHEMBL27085,2.495214572398889,0.0699588348719684,SRC,10,euclidean
ligand_CHEMBL302483,4.990429144797777,0.1843103788105415,SRC,10,euclidean
ligand_CHEMBL306019,0.0,0.0817007267169805,SRC,10,euclidean
ligand_CHEMBL355330,8.73325100339611,0.1433197371069541,SRC,10,euclidean
ligand_CHEMBL380706,1.2476072861994445,0.0460447358823246,SRC,10,euclidean
ligand_CHEMBL385533,7.485643717196666,0.1508623472872332,SRC,10,euclidean
ligand_CHEMBL425312,0.0,0.074351832967342,SRC,10,euclidean
ligand_CHEMBL453386,0.0,0.0627409189397199,SRC,10,euclidean
ligand_CHEMBL454868,3.742821858598333,0.1404995236103602,SRC,10,euclidean
ligand_CHEMBL475570,1.2476072861994445,0.0508887451218849,SRC,10,euclidean
ligand_CHEMBL481968,2.495214572398889,0.0978723823379088,SRC,10,euclidean
ligand_CHEMBL550281,2.495214572398889,0.1387094791667259,SRC,10,euclidean
ligand_CHEMBL81090,0.0,0.0949750076891768,SRC,10,euclidean
ligand_CHEMBL83847,3.742821858598333,0.0946492354769268,SRC,10,euclidean
ligand_CHEMBL105084,2.495214572398889,0.1256298940977639,SRC,10,cosine
ligand_CHEMBL128356,2.495214572398889,0.1013135769369115,SRC,10,cosine
ligand_CHEMBL214329,2.495214572398889,0.0726486932956468,SRC,10,cosine
ligand_CHEMBL223147,2.495214572398889,0.0947992865120422,SRC,10,cosine
ligand_CHEMBL230508,2.495214572398889,0.1369078977953364,SRC,10,cosine
ligand_CHEMBL240747,0.0,0.0339347657149824,SRC,10,cosine
ligand_CHEMBL27085,1.2476072861994445,0.0618123918890224,SRC,10,cosine
ligand_CHEMBL302483,3.742821858598333,0.15895966717284,SRC,10,cosine
ligand_CHEMBL306019,0.0,0.0972565041352692,SRC,10,cosine
ligand_CHEMBL355330,4.990429144797777,0.1261646063762758,SRC,10,cosine
ligand_CHEMBL380706,0.0,0.047392882440209,SRC,10,cosine
ligand_CHEMBL385533,2.495214572398889,0.1308624350152484,SRC,10,cosine
ligand_CHEMBL425312,0.0,0.0340123802486101,SRC,10,cosine
ligand_CHEMBL453386,2.495214572398889,0.0943296410011824,SRC,10,cosine
ligand_CHEMBL454868,4.990429144797777,0.1788735534736259,SRC,10,cosine
ligand_CHEMBL475570,0.0,0.0511198802599952,SRC,10,cosine
ligand_CHEMBL481968,1.2476072861994445,0.1105115535673818,SRC,10,cosine
ligand_CHEMBL550281,3.742821858598333,0.1500140413522968,SRC,10,cosine
ligand_CHEMBL81090,2.495214572398889,0.1099162668820263,SRC,10,cosine
ligand_CHEMBL83847,1.2476072861994445,0.0510992510011856,SRC,10,cosine
ligand_CHEMBL105084,4.990429144797777,0.1614071862669315,SRC,50,euclidean
ligand_CHEMBL128356,2.495214572398889,0.0977895608039043,SRC,50,euclidean
ligand_CHEMBL214329,2.495214572398889,0.0956568872767032,SRC,50,euclidean
ligand_CHEMBL223147,1.2476072861994445,0.070303859770595,SRC,50,euclidean
ligand_CHEMBL230508,4.990429144797777,0.148513305376962,SRC,50,euclidean
ligand_CHEMBL240747,1.2476072861994445,0.0318214986692785,SRC,50,euclidean
ligand_CHEMBL27085,1.2476072861994445,0.0821849214024342,SRC,50,euclidean
ligand_CHEMBL302483,7.485643717196666,0.1711790993846581,SRC,50,euclidean
ligand_CHEMBL306019,2.495214572398889,0.1374079910150835,SRC,50,euclidean
ligand_CHEMBL355330,7.485643717196666,0.1594411231320169,SRC,50,euclidean
ligand_CHEMBL380706,2.495214572398889,0.0588713882805713,SRC,50,euclidean
ligand_CHEMBL385533,2.495214572398889,0.1013608259280619,SRC,50,euclidean
ligand_CHEMBL425312,1.2476072861994445,0.078560415942187,SRC,50,euclidean
ligand_CHEMBL453386,0.0,0.0737635860565394,SRC,50,euclidean
ligand_CHEMBL454868,4.990429144797777,0.1671255403019169,SRC,50,euclidean
ligand_CHEMBL475570,1.2476072861994445,0.065592924181739,SRC,50,euclidean
ligand_CHEMBL481968,0.0,0.1010239404369399,SRC,50,euclidean
ligand_CHEMBL550281,0.0,0.1321441510936078,SRC,50,euclidean
ligand_CHEMBL81090,0.0,0.0977030844593234,SRC,50,euclidean
ligand_CHEMBL83847,1.2476072861994445,0.0465810601108471,SRC,50,euclidean
ligand_CHEMBL105084,2.495214572398889,0.1168602659372334,SRC,50,cosine
ligand_CHEMBL128356,2.495214572398889,0.0815174676899462,SRC,50,cosine
ligand_CHEMBL214329,2.495214572398889,0.0832266571154921,SRC,50,cosine
ligand_CHEMBL223147,2.495214572398889,0.0726267748493968,SRC,50,cosine
ligand_CHEMBL230508,1.2476072861994445,0.1142682639218191,SRC,50,cosine
ligand_CHEMBL240747,0.0,0.0269133375596522,SRC,50,cosine
ligand_CHEMBL27085,0.0,0.0670376825734822,SRC,50,cosine
ligand_CHEMBL302483,4.990429144797777,0.171280774722804,SRC,50,cosine
ligand_CHEMBL306019,2.495214572398889,0.1321969568989451,SRC,50,cosine
ligand_CHEMBL355330,2.495214572398889,0.1178404456599041,SRC,50,cosine
ligand_CHEMBL380706,0.0,0.0515584463084185,SRC,50,cosine
ligand_CHEMBL385533,1.2476072861994445,0.0643918168613803,SRC,50,cosine
ligand_CHEMBL425312,0.0,0.0411854440969477,SRC,50,cosine
ligand_CHEMBL453386,1.2476072861994445,0.0907361858927122,SRC,50,cosine
ligand_CHEMBL454868,2.495214572398889,0.1986441303761429,SRC,50,cosine
ligand_CHEMBL475570,0.0,0.079051865266633,SRC,50,cosine
ligand_CHEMBL481968,1.2476072861994445,0.0960084390825956,SRC,50,cosine
ligand_CHEMBL550281,7.485643717196666,0.1952148782845389,SRC,50,cosine
ligand_CHEMBL81090,3.742821858598333,0.0919201877240207,SRC,50,cosine
ligand_CHEMBL83847,0.0,0.050901238296928,SRC,50,cosine
ligand_CHEMBL105084,6.238036430997221,0.1556194928780489,SRC,100,euclidean
ligand_CHEMBL128356,2.495214572398889,0.0893635234950456,SRC,100,euclidean
ligand_CHEMBL214329,1.2476072861994445,0.0791668414231783,SRC,100,euclidean
ligand_CHEMBL223147,1.2476072861994445,0.0606470824180692,SRC,100,euclidean
ligand_CHEMBL230508,4.990429144797777,0.1344106052781803,SRC,100,euclidean
ligand_CHEMBL240747,1.2476072861994445,0.0260104393028277,SRC,100,euclidean
ligand_CHEMBL27085,0.0,0.067897700678206,SRC,100,euclidean
ligand_CHEMBL302483,4.990429144797777,0.1295014815168085,SRC,100,euclidean
ligand_CHEMBL306019,2.495214572398889,0.0748462821141924,SRC,100,euclidean
ligand_CHEMBL355330,2.495214572398889,0.1400491770422607,SRC,100,euclidean
ligand_CHEMBL380706,1.2476072861994445,0.0552133301760721,SRC,100,euclidean
ligand_CHEMBL385533,1.2476072861994445,0.0950420527741649,SRC,100,euclidean
ligand_CHEMBL425312,1.2476072861994445,0.0808981837016582,SRC,100,euclidean
ligand_CHEMBL453386,1.2476072861994445,0.0949290279466019,SRC,100,euclidean
ligand_CHEMBL454868,6.238036430997221,0.177422313701366,SRC,100,euclidean
ligand_CHEMBL475570,1.2476072861994445,0.0756299719266296,SRC,100,euclidean
ligand_CHEMBL481968,1.2476072861994445,0.1062455691472418,SRC,100,euclidean
ligand_CHEMBL550281,2.495214572398889,0.1511853909610519,SRC,100,euclidean
ligand_CHEMBL81090,2.495214572398889,0.097317795159903,SRC,100,euclidean
ligand_CHEMBL83847,1.2476072861994445,0.0546835002258522,SRC,100,euclidean
ligand_CHEMBL105084,1.2476072861994445,0.1118393327811397,SRC,100,cosine
ligand_CHEMBL128356,2.495214572398889,0.0796722996304389,SRC,100,cosine
ligand_CHEMBL214329,3.742821858598333,0.11498344768065,SRC,100,cosine
ligand_CHEMBL223147,3.742821858598333,0.1066343754526987,SRC,100,cosine
ligand_CHEMBL230508,1.2476072861994445,0.1142275975688514,SRC,100,cosine
ligand_CHEMBL240747,0.0,0.0303572455674954,SRC,100,cosine
ligand_CHEMBL27085,0.0,0.0834410613349834,SRC,100,cosine
ligand_CHEMBL302483,3.742821858598333,0.102918034787192,SRC,100,cosine
ligand_CHEMBL306019,0.0,0.1139024825350953,SRC,100,cosine
ligand_CHEMBL355330,1.2476072861994445,0.0986774084785944,SRC,100,cosine
ligand_CHEMBL380706,0.0,0.0586118897102846,SRC,100,cosine
ligand_CHEMBL385533,1.2476072861994445,0.0742410047250969,SRC,100,cosine
ligand_CHEMBL425312,0.0,0.063917262393689,SRC,100,cosine
ligand_CHEMBL453386,0.0,0.0738678404790707,SRC,100,cosine
ligand_CHEMBL454868,2.495214572398889,0.1579863324861704,SRC,100,cosine
ligand_CHEMBL475570,0.0,0.0824613556998903,SRC,100,cosine
ligand_CHEMBL481968,1.2476072861994445,0.0868346669010915,SRC,100,cosine
ligand_CHEMBL550281,7.485643717196666,0.1862402225730341,SRC,100,cosine
ligand_CHEMBL81090,1.2476072861994445,0.1048509079079801,SRC,100,cosine
ligand_CHEMBL83847,0.0,0.070900977589395,SRC,100,cosine
ligand_CHEMBL126575,30.595733610822062,0.5757726018647038,TRY1,10,euclidean
ligand_CHEMBL130313,16.10301768990635,0.3579255699799072,TRY1,10,euclidean
ligand_CHEMBL130569,14.492715920915712,0.3702578856359118,TRY1,10,euclidean
ligand_CHEMBL134268,4.830905306971904,0.2112669087458993,TRY1,10,euclidean
ligand_CHEMBL141106,4.830905306971904,0.2347601689482116,TRY1,10,euclidean
ligand_CHEMBL150962,32.2060353798127,0.536939925152064,TRY1,10,euclidean
ligand_CHEMBL172147,30.595733610822062,0.5881628261307426,TRY1,10,euclidean
ligand_CHEMBL199268,11.272112382934443,0.3677285122666754,TRY1,10,euclidean
ligand_CHEMBL31967,3.22060353798127,0.1155121353624018,TRY1,10,euclidean
ligand_CHEMBL341083,1.610301768990635,0.0736253349226057,TRY1,10,euclidean
ligand_CHEMBL360684,11.272112382934443,0.3239223280862437,TRY1,10,euclidean
ligand_CHEMBL439678,0.0,0.0844171724057389,TRY1,10,euclidean
ligand_CHEMBL45785,27.37513007284079,0.5469298267812823,TRY1,10,euclidean
ligand_CHEMBL52205,38.64724245577524,0.6178265108468928,TRY1,10,euclidean
ligand_CHEMBL75828,16.10301768990635,0.4852390623732458,TRY1,10,euclidean
ligand_CHEMBL79828,1.610301768990635,0.1456101053781808,TRY1,10,euclidean
ligand_CHEMBL91654,22.544224765868886,0.4402943770805184,TRY1,10,euclidean
ligand_CHEMBL93445,19.323621227887617,0.5024593917399964,TRY1,10,euclidean
ligand_CHEMBL99630,11.272112382934443,0.3104667074675574,TRY1,10,euclidean
ligand_CHEMBL99951,16.10301768990635,0.4200537880493822,TRY1,10,euclidean
ligand_CHEMBL126575,14.492715920915712,0.3710380726188413,TRY1,10,cosine
ligand_CHEMBL130313,1.610301768990635,0.1748584579638565,TRY1,10,cosine
ligand_CHEMBL130569,9.661810613943809,0.2325502283663067,TRY1,10,cosine
ligand_CHEMBL134268,0.0,0.1948607159916227,TRY1,10,cosine
ligand_CHEMBL141106,3.22060353798127,0.1403984158536303,TRY1,10,cosine
ligand_CHEMBL150962,3.22060353798127,0.3044707507749203,TRY1,10,cosine
ligand_CHEMBL172147,11.272112382934443,0.3527861580856476,TRY1,10,cosine
ligand_CHEMBL199268,4.830905306971904,0.2836279184893885,TRY1,10,cosine
ligand_CHEMBL31967,9.661810613943809,0.2569346089729044,TRY1,10,cosine
ligand_CHEMBL341083,4.830905306971904,0.133211443650736,TRY1,10,cosine
ligand_CHEMBL360684,9.661810613943809,0.2860071695133293,TRY1,10,cosine
ligand_CHEMBL439678,3.22060353798127,0.1229635394718058,TRY1,10,cosine
ligand_CHEMBL45785,12.88241415192508,0.3366223721819332,TRY1,10,cosine
ligand_CHEMBL52205,20.93392299687825,0.4810969527647032,TRY1,10,cosine
ligand_CHEMBL75828,4.830905306971904,0.2599656557771379,TRY1,10,cosine
ligand_CHEMBL79828,9.661810613943809,0.2729210787929189,TRY1,10,cosine
ligand_CHEMBL91654,3.22060353798127,0.2301607953710615,TRY1,10,cosine
ligand_CHEMBL93445,16.10301768990635,0.3575799432242795,TRY1,10,cosine
ligand_CHEMBL99630,11.272112382934443,0.3031072486669341,TRY1,10,cosine
ligand_CHEMBL99951,9.661810613943809,0.3196815851139032,TRY1,10,cosine
ligand_CHEMBL126575,30.595733610822062,0.6331840423440991,TRY1,50,euclidean
ligand_CHEMBL130313,4.830905306971904,0.2492737082745041,TRY1,50,euclidean
ligand_CHEMBL130569,12.88241415192508,0.3080448203884391,TRY1,50,euclidean
ligand_CHEMBL134268,3.22060353798127,0.1592004593692767,TRY1,50,euclidean
ligand_CHEMBL141106,8.051508844953174,0.2382322385527502,TRY1,50,euclidean
ligand_CHEMBL150962,30.595733610822062,0.5210669871940723,TRY1,50,euclidean
ligand_CHEMBL172147,38.64724245577524,0.6624956659035416,TRY1,50,euclidean
ligand_CHEMBL199268,11.272112382934443,0.4000894457646299,TRY1,50,euclidean
ligand_CHEMBL31967,4.830905306971904,0.1992655335624046,TRY1,50,euclidean
ligand_CHEMBL341083,1.610301768990635,0.0656573361845368,TRY1,50,euclidean
ligand_CHEMBL360684,6.44120707596254,0.2083318073222292,TRY1,50,euclidean
ligand_CHEMBL439678,0.0,0.056714887927469,TRY1,50,euclidean
ligand_CHEMBL45785,32.2060353798127,0.5659850613115818,TRY1,50,euclidean
ligand_CHEMBL52205,37.03694068678461,0.6577451657627762,TRY1,50,euclidean
ligand_CHEMBL75828,16.10301768990635,0.4420661190542221,TRY1,50,euclidean
ligand_CHEMBL79828,1.610301768990635,0.1597730320347757,TRY1,50,euclidean
ligand_CHEMBL91654,22.544224765868886,0.5053080197834339,TRY1,50,euclidean
ligand_CHEMBL93445,33.81633714880333,0.5860733041713784,TRY1,50,euclidean
ligand_CHEMBL99630,11.272112382934443,0.314067350339731,TRY1,50,euclidean
ligand_CHEMBL99951,22.544224765868886,0.4927292900201843,TRY1,50,euclidean
ligand_CHEMBL126575,20.93392299687825,0.3886193641783459,TRY1,50,cosine
ligand_CHEMBL130313,3.22060353798127,0.1555851304953795,TRY1,50,cosine
ligand_CHEMBL130569,1.610301768990635,0.1779345755866586,TRY1,50,cosine
ligand_CHEMBL134268,1.610301768990635,0.128520842438356,TRY1,50,cosine
ligand_CHEMBL141106,3.22060353798127,0.1104808243519295,TRY1,50,cosine
ligand_CHEMBL150962,4.830905306971904,0.2512439180285079,TRY1,50,cosine
ligand_CHEMBL172147,4.830905306971904,0.2983856024122902,TRY1,50,cosine
ligand_CHEMBL199268,1.610301768990635,0.2142079830844695,TRY1,50,cosine
ligand_CHEMBL31967,8.051508844953174,0.2355786552011447,TRY1,50,cosine
ligand_CHEMBL341083,4.830905306971904,0.1177528564032544,TRY1,50,cosine
ligand_CHEMBL360684,4.830905306971904,0.1796801551131892,TRY1,50,cosine
ligand_CHEMBL439678,1.610301768990635,0.1432671594600602,TRY1,50,cosine
ligand_CHEMBL45785,1.610301768990635,0.2338357367445116,TRY1,50,cosine
ligand_CHEMBL52205,14.492715920915712,0.3902086461624067,TRY1,50,cosine
ligand_CHEMBL75828,4.830905306971904,0.2703487015093473,TRY1,50,cosine
ligand_CHEMBL79828,4.830905306971904,0.1962654136361682,TRY1,50,cosine
ligand_CHEMBL91654,8.051508844953174,0.2548065118831453,TRY1,50,cosine
ligand_CHEMBL93445,14.492715920915712,0.3867740263018078,TRY1,50,cosine
ligand_CHEMBL99630,3.22060353798127,0.2182515735777751,TRY1,50,cosine
ligand_CHEMBL99951,4.830905306971904,0.2592445705026105,TRY1,50,cosine
ligand_CHEMBL126575,32.2060353798127,0.608679644297543,TRY1,100,euclidean
ligand_CHEMBL130313,4.830905306971904,0.1634825743676586,TRY1,100,euclidean
ligand_CHEMBL130569,6.44120707596254,0.2085251238557174,TRY1,100,euclidean
ligand_CHEMBL134268,4.830905306971904,0.1387158954987436,TRY1,100,euclidean
ligand_CHEMBL141106,6.44120707596254,0.1549867982045799,TRY1,100,euclidean
ligand_CHEMBL150962,30.595733610822062,0.5313162350243794,TRY1,100,euclidean
ligand_CHEMBL172147,33.81633714880333,0.6325398183287747,TRY1,100,euclidean
ligand_CHEMBL199268,6.44120707596254,0.2657490166619697,TRY1,100,euclidean
ligand_CHEMBL31967,6.44120707596254,0.223685752241889,TRY1,100,euclidean
ligand_CHEMBL341083,1.610301768990635,0.0783569862854735,TRY1,100,euclidean
ligand_CHEMBL360684,6.44120707596254,0.2255576609435897,TRY1,100,euclidean
ligand_CHEMBL439678,1.610301768990635,0.0480708097125894,TRY1,100,euclidean
ligand_CHEMBL45785,28.985431841831424,0.5748613814642408,TRY1,100,euclidean
ligand_CHEMBL52205,37.03694068678461,0.6415150946724805,TRY1,100,euclidean
ligand_CHEMBL75828,14.492715920915712,0.3784259432051584,TRY1,100,euclidean
ligand_CHEMBL79828,6.44120707596254,0.2271631160013167,TRY1,100,euclidean
ligand_CHEMBL91654,28.985431841831424,0.5124897026712846,TRY1,100,euclidean
ligand_CHEMBL93445,35.426638917793966,0.5802548349480796,TRY1,100,euclidean
ligand_CHEMBL99630,12.88241415192508,0.2874315401771697,TRY1,100,euclidean
ligand_CHEMBL99951,27.37513007284079,0.5206292588864047,TRY1,100,euclidean
ligand_CHEMBL126575,17.713319458896983,0.3977569997686137,TRY1,100,cosine
ligand_CHEMBL130313,4.830905306971904,0.1591402725909924,TRY1,100,cosine
ligand_CHEMBL130569,3.22060353798127,0.173205497173719,TRY1,100,cosine
ligand_CHEMBL134268,3.22060353798127,0.1265410169890438,TRY1,100,cosine
ligand_CHEMBL141106,1.610301768990635,0.1131832979801047,TRY1,100,cosine
ligand_CHEMBL150962,1.610301768990635,0.1535482722166886,TRY1,100,cosine
ligand_CHEMBL172147,6.44120707596254,0.3034126541144469,TRY1,100,cosine
ligand_CHEMBL199268,1.610301768990635,0.1561833345445615,TRY1,100,cosine
ligand_CHEMBL31967,3.22060353798127,0.1688445905686012,TRY1,100,cosine
ligand_CHEMBL341083,3.22060353798127,0.0915774988103582,TRY1,100,cosine
ligand_CHEMBL360684,4.830905306971904,0.1507595252402109,TRY1,100,cosine
ligand_CHEMBL439678,1.610301768990635,0.1325658547670988,TRY1,100,cosine
ligand_CHEMBL45785,4.830905306971904,0.2649017098454841,TRY1,100,cosine
ligand_CHEMBL52205,11.272112382934443,0.3256933871883381,TRY1,100,cosine
ligand_CHEMBL75828,11.272112382934443,0.2772170399673548,TRY1,100,cosine
ligand_CHEMBL79828,4.830905306971904,0.1808883111254111,TRY1,100,cosine
ligand_CHEMBL91654,3.22060353798127,0.1818659948658792,TRY1,100,cosine
ligand_CHEMBL93445,12.88241415192508,0.2963626256070099,TRY1,100,cosine
ligand_CHEMBL99630,6.44120707596254,0.225009124825847,TRY1,100,cosine
ligand_CHEMBL99951,12.88241415192508,0.2523254901927992,TRY1,100,cosine
